"","logFC","AveExpr","t","P.Value","adj.P.Val","B"
"CRKL.1",-6.19777319289448,11.292250222148,-7.82579313466184,2.10715480766516e-09,1.05147024902491e-05,11.1145276273945
"Nfu_g_1_018982",-4.85518766826643,10.0940126275848,-7.34265602380022,9.16104620335272e-09,2.2856810277365e-05,9.79072609177721
"RPL9",-5.98039198173383,11.1663414747543,-7.01534271016173,2.50915563932123e-08,4.17356221340432e-05,8.87849779478834
"SSSCA1.1",-4.53208592057791,9.99410915152169,-6.86570844177653,3.9881733458783e-08,4.97524624898319e-05,8.45782318277431
"acmsd.1",-6.49522441815436,11.9792275473883,-6.72039684937482,6.26382795776239e-08,6.25130030184687e-05,8.04734305873914
"LYPLA2.1",-4.56845927232738,10.5294678900489,-6.47730199844981,1.33673798299606e-07,0.000111172042252505,7.35682130496641
"FKBP11",-4.84762651426359,11.0190597629826,-6.42380205358737,1.5800517110452e-07,0.000112635114830222,7.20428406323016
"eef1da",-4.20234611605501,10.3396128095937,-6.34905152754005,1.99633285230891e-07,0.000124521261662768,6.99085475868329
"HNRNPH1L.2",-5.16068821793348,11.1967406983881,-6.17370911505849,3.45790426131077e-07,0.000181208579106701,6.48898844128206
"G4P62_008991",-4.92103916286335,10.5383393696577,-6.15809487993245,3.6314344510361e-07,0.000181208579106701,6.444224005938
"NACA",-4.673846855811,10.5764192822996,-6.08667718803516,4.543345057143e-07,0.000189769072625426,6.23934552675713
"SHMT2.3",-5.3773797525353,12.1871954865366,-6.08526060198115,4.5635849128359e-07,0.000189769072625426,6.23527966317105
"EPHX2.1",-5.51388310347708,10.7424673633275,-6.05518312067123,5.01530594685011e-07,0.000192510589806016,6.1489342432634
"NUP210.1",-3.57092666833036,9.71962661174128,-5.88598402274012,8.53095417195293e-07,0.000286323892720587,5.66267754719646
"Nfu_g_1_004152",5.09898619981358,12.3460655974671,5.88274651030927,8.61812956911596e-07,0.000286323892720587,5.65336630809467
"atic",3.86885548972532,11.1416914863157,5.84893698164137,9.58350556724356e-07,0.000286323892720587,5.55611661766672
"PCYT2.2",3.51711159622741,13.2555258610265,5.82795159496441,1.02363704100203e-06,0.000286323892720587,5.49574440249943
"HEBP2",-4.22513412100722,10.9213210716807,-5.8251041715838,1.03283167714841e-06,0.000286323892720587,5.48755221619497
"KPNB1",-4.52451406553469,10.7977667573087,-5.80064719075673,1.11528514422519e-06,0.000288145778100224,5.41718358079088
"PSMC4.1",-4.38566633124429,10.7122174373797,-5.77745490693691,1.19954580169712e-06,0.000288145778100224,5.35044702943677
"SMC3.1",3.112609335527,10.7915127586024,5.75308867117579,1.29493435493693e-06,0.000288145778100224,5.280326654192
"DARS.1",-4.76147944014414,11.6876886389984,-5.74425283519899,1.3313669540487e-06,0.000288145778100224,5.25489798363108
"SEL1L",3.65756043446159,11.2017809939112,5.7436240758113,1.3339982052491e-06,0.000288145778100224,5.25308845497319
"CCDC47",3.52790567722106,11.1920319532651,5.7314752673578,1.38587147783675e-06,0.000288145778100224,5.21812448843542
"RPL31",-5.06919160074416,11.6749492341348,-5.7076632142214,1.49346341202508e-06,0.000298095297040206,5.14959183702834
"G4P62_004521",-4.65570027194067,11.0861737985011,-5.65261653897542,1.77520705465483e-06,0.000337954465758674,4.99115955623513
"LMNA",-3.89862850834923,10.9617783037083,-5.64317426499893,1.82861133777238e-06,0.000337954465758674,4.96398362935793
"ABCE1",-4.53913813419537,10.3861099257346,-5.62194999367474,1.954580341105e-06,0.000348334139361212,4.90289906630922
"RPL27A.1",-5.13793650669591,11.5348121451071,-5.57151691867829,2.28974423120835e-06,0.000393993921163093,4.75776223420678
"SQSTM1",3.71230844824564,11.7122979336565,5.55913068508897,2.38047738584422e-06,0.000395952738512089,4.72212077745291
"AMDHD2",-4.33911889171379,10.6173421428585,-5.54407690941151,2.49559257917366e-06,0.000401709902260534,4.67880603031873
"AGPHD1",-4.32996314486943,10.1474608167864,-5.52012319447012,2.69031767112349e-06,0.00041952141184082,4.6098898747758
"TXNIPA",-3.41965743831377,10.4923235002924,-5.5036068672818,2.83333670853075e-06,0.000428434853805104,4.56237695410937
"A0A8C6PF19",-3.78235867409102,10.2986405029553,-5.38652019247823,4.08935362003817e-06,0.000600172781293838,4.22572424732182
"RPL22.3",-5.31889971162573,12.136438067508,-5.28879508290836,5.55232812075783e-06,0.00079160335207376,3.94506580306466
"PRDX5.1",-5.64832263845833,12.6235250585811,-5.25970389055433,6.08099197199023e-06,0.000824396041136066,3.8615930362035
"Nfu_g_1_015765",-4.39583205477225,11.0410004810316,-5.25803701589116,6.11275621684057e-06,0.000824396041136066,3.85681136300687
"fahd1",-4.40042414990722,11.4199973070064,-5.24452078006366,6.37649179631005e-06,0.000837334054304925,3.81804294079577
"DDX1.2",-4.14857504138053,10.9173208639343,-5.13713398563126,8.9158582621312e-06,0.001130019770431,3.51036822459243
"MYH9.3",3.1426332837798,13.7592981776548,5.13205141355979,9.05827471287377e-06,0.001130019770431,3.49582264743471
"PSMC5",-4.75022469753905,11.7780596907144,-5.12410696641979,9.28541996753494e-06,0.00113010355214633,3.47309006263074
"PRKAB1B",-3.56666079624057,10.2522654334126,-5.10955721885641,9.71618184194525e-06,0.00115437493788826,3.43146728925046
"DNAJC3",-4.75762859792968,11.7511719649753,-5.07035240245363,1.09781465745915e-05,0.0012739756141212,3.3193836995367
"CCT3.2",-4.29549211526449,11.5341521741409,-5.06066275403176,1.13143287359945e-05,0.00128033670532933,3.29169823135831
"RPS7",-5.34325259718816,13.3044867249482,-5.04906742300322,1.17300751423736e-05,0.00128033670532933,3.25857673187908
"MVK",-3.20689728142323,10.0779668110773,-5.04708371035017,1.18027030952202e-05,0.00128033670532933,3.25291134116318
"ACP1",-3.72058522521589,10.7151211763684,-5.03502545428603,1.22538763740841e-05,0.00130099666184425,3.21847983247806
"PALLD",-3.68979834459979,9.79697042648501,-5.02030826183713,1.28277702322209e-05,0.00133355361372463,3.17647084997779
"SDF2",-4.42581756944738,11.3858422967962,-4.99329595092381,1.39513124615058e-05,0.00139245061547322,3.0994105736006
"HADHB.2",-4.60400582670366,11.5721572888611,-4.99327061042096,1.39524109766855e-05,0.00139245061547322,3.0993383100735
"CANX",4.22253946260354,12.1099394520964,4.96052765855849,1.54458832911289e-05,0.00151127367887712,3.00600965314638
"EIF3EA",-4.12140916801406,10.0530745565527,-4.94183500097769,1.63684237197776e-05,0.0015707391223402,2.95277011959208
"MANF.2",-4.50738659911964,11.2749856269128,-4.92507750671396,1.72417361814282e-05,0.00161500483274222,2.90506847109316
"COTL1",-3.94660879042746,11.1067689183881,-4.9207067302364,1.74770062060281e-05,0.00161500483274222,2.89263084562761
"DNAJB11",-4.71596867804409,11.3548117070979,-4.89602132525455,1.88666892262442e-05,0.00171172325889015,2.82241837032213
"HMGA1",-5.19201621624356,11.7413726242853,-4.878246620566,1.99345366085655e-05,0.00171957645948748,2.77189762794574
"PCMTL.2",-2.98771613784598,10.0767331793506,-4.8773930509272,1.9987295029325e-05,0.00171957645948748,2.76947230967404
"ASPH.2",-3.83583453145422,11.3643527916244,-4.87076863962949,2.04014693256836e-05,0.00171957645948748,2.75065224326858
"ENO3.1",-5.65675740486558,13.1192766263355,-4.86849519267129,2.0545559268026e-05,0.00171957645948748,2.74419433566116
"H2AFVB",-3.21054554821259,10.6263006396952,-4.86569811313955,2.0724219057311e-05,0.00171957645948748,2.73624970900023
"CUTA",-3.92953805365879,10.6722382535169,-4.85932585789235,2.11369991267145e-05,0.00171957645948748,2.71815331069148
"PCBP2",-4.25900509581308,10.6527168563708,-4.85191419291384,2.16273514969725e-05,0.00171957645948748,2.69711023911083
"eef1da.1",-5.39054226115567,11.6836386328216,-4.85068011253305,2.17100835566556e-05,0.00171957645948748,2.69360699779484
"EEF1A1L1.1",-6.17486317252834,13.359090293156,-4.83748151500589,2.26147275969394e-05,0.00176324204232387,2.65614923948578
"MYL6",-4.76498924923405,12.2565573906945,-4.80192160206899,2.52417767870041e-05,0.0018954829710617,2.55532035041471
"NUCB1",-3.18469249441855,10.4373743142382,-4.80129379150251,2.52907693606033e-05,0.0018954829710617,2.5535414289349
"CTSF.1",-3.64905355717108,10.5978799730263,-4.79925687797335,2.54503725573415e-05,0.0018954829710617,2.54777006376325
"OLA.9963",-3.75264925924799,10.9351073116358,-4.78223686302143,2.68234902101284e-05,0.001924503250728,2.49956355182586
"CANT1A.1",3.40480577367845,10.9277049946691,4.78025962510181,2.69876796787776e-05,0.001924503250728,2.4939654158624
"PDIA3",-4.80557684178527,13.2951530537246,-4.77376818478827,2.75337422548793e-05,0.001924503250728,2.47558933667045
"OLA.2341",-3.3085940652713,10.5081536513753,-4.76964348518421,2.78863717845284e-05,0.001924503250728,2.46391553214226
"CARKD.1",-3.21459017302007,10.1017523989942,-4.76869519056345,2.79680723825055e-05,0.001924503250728,2.46123192257092
"SMC1A.1",-3.43482313072998,10.5885951778534,-4.76540325839705,2.82535296540971e-05,0.001924503250728,2.45191677010525
"EIF4EBP2",-3.78523781561771,9.96096074702194,-4.76213561227022,2.85397275659062e-05,0.001924503250728,2.44267156086818
"Nfu_g_1_017509",-4.66586413253249,11.2616791920649,-4.75528266934497,2.91492800073911e-05,0.00193939876315842,2.42328638246717
"FASN.1",-5.55235641895266,12.4216453934457,-4.74513222006638,3.00758435229745e-05,0.0019747165681532,2.3945834019786
"G4P62_013684",-3.20830237698201,10.0264353447112,-4.71915584277318,3.25816159201161e-05,0.00211145796677116,2.3211838492325
"FLNA.4",-4.81490048044665,11.407009005595,-4.71462768502532,3.30390429949459e-05,0.00211365159672795,2.30839724122536
"HNRNPK",-3.84231373031929,11.6320785518894,-4.70301647940665,3.42411634298396e-05,0.00216282791791012,2.27562095749471
"CALRL",-6.23991661965739,12.8422111823775,-4.69402213525452,3.52019427427742e-05,0.00219572117858054,2.25024301073162
"CCT6A",-3.32552389229497,11.0576515325167,-4.68102888082255,3.66370420011811e-05,0.00223885953704487,2.21359981012039
"G4P62_004033",-3.4538504724635,10.346384283406,-4.67966598659673,3.67908781638636e-05,0.00223885953704487,2.20975744950653
"PA2G4B.1",-4.10258794606551,10.8637053567103,-4.67327501462224,3.75208014084327e-05,0.0022557686629889,2.19174275549424
"LOC107394162.1",-5.56395723051385,11.9160802800725,-4.66619694584139,3.83458817352027e-05,0.00227792797450788,2.17179739345288
"hspa5",-4.46316127947408,10.9253396281027,-4.65406183224541,3.98023048950162e-05,0.00231467189866694,2.13761680919236
"DHRS4",-4.09944649601294,11.166640621861,-4.65332771750121,3.98921409389492e-05,0.00231467189866694,2.13554966755474
"G4P62_010335",-3.6745513093712,11.0807901119412,-4.63641336589949,4.20182942430758e-05,0.00240361376700259,2.08794143163817
"CU929036.1.1",4.33451609804668,11.641297705087,4.63355569813721,4.23883790573603e-05,0.00240361376700259,2.07990181030105
"DPYDB.2",3.80835313385496,11.6528638644169,4.62735878167797,4.32019939009517e-05,0.00242222415242415,2.06247148016029
"GNL3.2",-3.64115719300364,11.1449351841514,-4.61782765647021,4.44835136675663e-05,0.00242399722784165,2.03567302058253
"EEF1A1L1",6.14257278237613,12.6569082719948,4.61645286731401,4.4671429101662e-05,0.00242399722784165,2.03180857653552
"GLS2",-3.39439599968081,10.10829539017,-4.616310519179,4.46909308539943e-05,0.00242399722784165,2.03140845983724
"PPP6R2A.1",-3.33199522378212,10.2545904916038,-4.60526646880726,4.62298330277115e-05,0.00248050394417506,2.00037397915056
"MTP",-4.19714728494099,11.4240246772474,-4.59017664060007,4.84172149605757e-05,0.00257023300694971,1.95799798049771
"GIPC2",2.42517808221149,11.7240256349275,4.58563786877541,4.90948724302578e-05,0.00257877277291565,1.94525823440408
"OLA.5240",-4.29290001193123,11.1184289630341,-4.57528308641296,5.06760594299851e-05,0.00261664842968095,1.91620465135041
"HARS.1",-3.5885167421832,10.7324292660737,-4.57059228905932,5.14087601865319e-05,0.00261664842968095,1.90304820048902
"GRWD1.1",-3.15065568014054,10.150555446061,-4.56638949306334,5.2074092637749e-05,0.00261664842968095,1.89126315832432
"BOLA1",-3.41273689558143,10.1044238876119,-4.56619287021748,5.21054262521681e-05,0.00261664842968095,1.89071187159242
"HSPA8.2",-5.55110546856107,12.0056029158947,-4.56129283546403,5.28923166847441e-05,0.00261664842968095,1.87697507578988
"ATP1B1",3.2117947717744,11.6989717947514,4.55811700427831,5.3408558528295e-05,0.00261664842968095,1.86807379225238
"G4P62_006737",-3.9064449123881,11.9376962445169,-4.55650959164586,5.36717369946881e-05,0.00261664842968095,1.86356906532217
"PAH",-4.87846282721891,11.8725100359734,-4.55444901627021,5.4010979610649e-05,0.00261664842968095,1.85779491644075
"RPS6",-4.68887601616182,11.8356785491357,-4.54886031205643,5.49417416364898e-05,0.00263614702659696,1.84213737780195
"CECR5",-3.62369989500374,10.5840372346479,-4.54494932043687,5.56024675184567e-05,0.00264244107540094,1.83118292739639
"C4H22ORF28",-3.00251258755635,10.2644324718218,-4.54051872031411,5.63604315638226e-05,0.00265319390097618,1.81877582569159
"ADI1.2",-3.48648703617927,10.8834873839793,-4.53594248813143,5.71539888984365e-05,0.00266522989451113,1.80596397833153
"CU639413.3",-3.49514195061145,10.4701212077771,-4.53291886965238,5.76843343902208e-05,0.00266522989451113,1.79750062506073
"G4P62_016629",-3.80276021693106,10.9628990245907,-4.52591458806267,5.89315723423361e-05,0.00269787656869961,1.77790035665257
"Nfu_g_1_007730.2",-5.67241139086668,11.9878809489182,-4.52018589728275,5.99713705895142e-05,0.00270876924409148,1.76187512645016
"atp5fa1",-5.07211105601381,10.9848115950624,-4.51839772245574,6.02996196192758e-05,0.00270876924409148,1.75687397373681
"ERP44.1",-3.99455318080165,10.7637536689901,-4.51570082362717,6.0798027121893e-05,0.00270876924409148,1.74933223239575
"UFM1",-3.40388738754108,10.3993700536199,-4.50802643682645,6.22386018617439e-05,0.00274841259548763,1.72787729878056
"PHYH.2",5.26850928050487,12.2395856265674,4.50359977887309,6.30847588750084e-05,0.00276134163847625,1.71550602074115
"PABPC1A",-4.48374083022101,11.5749978230734,-4.47759702805724,6.82885864601703e-05,0.00296313083857609,1.64289736423962
"KPNB3",-3.52793337752133,9.46226724214198,-4.47429008925604,6.8979938991356e-05,0.00296630126072903,1.63367090996804
"TMEM214",-3.82097713054158,10.675463592794,-4.47158515067034,6.95505506022638e-05,0.00296630126072903,1.62612535319985
"ACADM.3",4.33571582285756,11.8492564978308,4.45866389319626,7.23409954193563e-05,0.00305916582324227,1.59009712383311
"ASAH1B",-3.80882206616248,10.3679466973467,-4.45071997274673,7.41108808312493e-05,0.00309335551792982,1.56796060175664
"GRIPAP1",-2.91191949027175,10.1911339445394,-4.44948727662836,7.43893110524206e-05,0.00309335551792982,1.56452649610901
"SDSL",-2.89841758755124,10.0329192449293,-4.43852232084446,7.69116583805545e-05,0.00317181136627245,1.53399078534439
"LOC107379994",-4.88025101371491,11.644596063382,-4.42318207603154,8.05820690419146e-05,0.00329593872556683,1.4913040804061
"FH.1",4.02059851752711,11.6166086018581,4.4199659761361,8.13731226128292e-05,0.0033012348116912,1.48235976931515
"MTAP",-3.28110926176263,10.6101398883394,-4.40746460632132,8.45211593025388e-05,0.00340129503967475,1.44760880098724
"MACF1.1",-2.71752999198974,9.99900309832061,-4.40218692093201,8.58857961998742e-05,0.00342856098429898,1.43294604224269
"WBP4",-2.86184594886197,9.58788417717688,-4.39371248672427,8.81224068441147e-05,0.00348992706469946,1.40941193081156
"HMGCS1.3",-4.51210124229704,11.4475996512147,-4.38617657575553,9.01592986931576e-05,0.00354247953132958,1.38849462503919
"hao2.1",-4.40668307954579,11.0201535368739,-4.38119298888915,9.15316400971795e-05,0.00356830378191348,1.37466720988408
"DDX3.2",-3.81288724832877,10.6753634618788,-4.3726944468688,9.3919357817878e-05,0.0036224993449527,1.35109730183505
"ACY1.1",-4.04431166240997,10.5692933440366,-4.36911323542146,9.49437363840677e-05,0.0036224993449527,1.34116897137429
"AKR1A1B",-2.82909502546011,10.4970921214979,-4.36857138021819,9.5099682202165e-05,0.0036224993449527,1.3396669635659
"CYB5R2.1",-4.15678722655692,10.826188219698,-4.36367649777351,9.65198702817732e-05,0.00362294261455152,1.32610085161547
"PDIA3.2",5.42384040779941,13.4585947243782,4.36121211165243,9.72427380286342e-05,0.00362294261455152,1.31927245117741
"GNB2L1.1",-4.77476641127069,12.2122603170316,-4.36105351190449,9.72894409518846e-05,0.00362294261455152,1.31883303509414
"PTPDC1",3.36191193647274,10.2628769648524,4.3572609459939,9.84128192452284e-05,0.00363762939284214,1.30832670402487
"SMAP2",-3.00678412998513,10.6825902805886,-4.35461017032755,9.92055410643267e-05,0.0036399680140514,1.3009849439396
"Nfu_g_1_014807.1",-4.58448907121683,11.9483659169729,-4.35164784288938,0.000100098848435371,0.00364593615833944,1.29278178776259
"MSRB2.1",3.77175224706207,11.4538242782612,4.34761031356473,0.000101329110605439,0.00366400189797929,1.28160378022826
"DLST",-3.50359483338238,11.0975096681012,-4.34204591553343,0.000103048962544521,0.00369938361940404,1.26620344327237
"HNRNPR",-4.16497867571215,11.4202375906472,-4.32162586216949,0.00010960929165536,0.00380975243700883,1.20973636926589
"rpl36a",-3.80131681904268,11.4308144137805,-4.32023270855538,0.00011007150240406,0.00380975243700883,1.20588672322905
"RAB1A.1",-2.62601494923072,9.79826256325578,-4.32018087157217,0.000110088737347876,0.00380975243700883,1.20574349112044
"Nfu_g_1_023491",-4.88599664045881,11.5795457575189,-4.31914894265549,0.000110432387977543,0.00380975243700883,1.20289224576413
"DYNC1H1",-5.22714225687405,11.7626831959231,-4.31809327660158,0.000110785031993297,0.00380975243700883,1.19997561940628
"OLA.10295",-4.1442206790949,10.6462433061434,-4.31572296489125,0.000111580860018392,0.00380975243700883,1.19342760750404
"RPS19",-4.33736990032378,12.034398263399,-4.31462319864022,0.000111952005896731,0.00380975243700883,1.1903898477789
"NARS.3",-3.9912225369176,10.6809132294442,-4.31379830144342,0.000112231184016092,0.00380975243700883,1.18811147621958
"ABAT.1",-4.20699748209129,11.600132863902,-4.2984487637763,0.000117552365032106,0.00396342095615007,1.14573930057875
"ALDOB.3",-5.64922121756833,12.3455876301333,-4.28311159118581,0.000123116035170192,0.00411017939847217,1.10344595750698
"QDPRA",-3.45775867678733,10.4779712958577,-4.28087175627796,0.000123949854200577,0.00411017939847217,1.09727323077101
"ACO2.3",-3.85429861259438,11.8301310455678,-4.27331536755444,0.000126803884715335,0.00411017939847217,1.07645585154569
"VAPB.2",-3.62223876870068,11.1330437214053,-4.27265983788653,0.000127054490380844,0.00411017939847217,1.07465043034797
"TFA.1",-5.27763177743094,12.5535392274284,-4.27063498487846,0.000127831649664536,0.00411017939847217,1.0690742275144
"PRDX4",-4.15545114902965,12.0288869022247,-4.26790688981247,0.000128886088808424,0.00411017939847217,1.0615626438532
"EMC2.1",-2.52338085811855,10.2247668587861,-4.26751784895522,0.000129037149958739,0.00411017939847217,1.06049157046214
"FTSJ",-3.43409849231244,10.8352018044995,-4.26725404685468,0.000129139680666464,0.00411017939847217,1.05976531033104
"GNL2",-2.90834775305381,10.2567259721155,-4.26679504335281,0.000129318269651329,0.00411017939847217,1.05850168358782
"NUCB2A.2",3.94759569936895,11.5415810896631,4.24632350836361,0.000137534124343699,0.00425802629624078,1.00218613800763
"UGGT1.1",-3.40666642318024,10.6324617795833,-4.24518826622408,0.000138004394664876,0.00425802629624078,0.999065607189019
"DDI2",-3.72060484873954,10.8019649034814,-4.24369836384837,0.000138623971726824,0.00425802629624078,0.994970583425464
"EIF3C",-4.03405814312956,11.4728983467274,-4.24234599827645,0.000139188711635496,0.00425802629624078,0.991253965797998
"G4P62_017264",-2.81999646142114,10.2338671436345,-4.24175838340367,0.000139434797649959,0.00425802629624078,0.989639176293525
"VAPA.1",-3.52058749284815,10.72216048157,-4.24058751718139,0.000139926413068494,0.00425802629624078,0.986421794373398
"EEF2",-5.58503449763067,12.7022067411803,-4.24054772906887,0.000139943148814326,0.00425802629624078,0.986312466845752
"CPNE1.2",-3.87797549650558,11.123806565889,-4.23182000815472,0.000143661978592774,0.0043248906369315,0.962338609363771
"CNBPA.2",-3.21448964467872,10.5311293474776,-4.23132883134693,0.000143874117380888,0.0043248906369315,0.960989869525354
"P4HB.1",-5.34851851583938,12.5718682192271,-4.22111300842752,0.000148356484041077,0.00441462509439825,0.93294895206198
"FARSB",-3.50566749538043,12.6999614191503,-4.2188316459847,0.000149375986542829,0.00441462509439825,0.926689848273829
"PROSC.1",-3.12523497691427,10.1254358188791,-4.21852541951011,0.000149513354900462,0.00441462509439825,0.925849771817583
"ATP6V1BA",-3.18751570141993,10.6493838310341,-4.21549167928258,0.000150880939463212,0.00442879934071427,0.917528294433674
"TWF1A",-3.2691330563272,10.5637948866977,-4.20897375038882,0.00015386070070936,0.00446514247586814,0.899656150335598
"DKC1.1",-2.80901358492283,10.7010638247365,-4.20886973049123,0.000153908718607078,0.00446514247586814,0.899370998836051
"ALDH18A1.1",-3.54762220624382,10.3978086570424,-4.19851313373242,0.000158763681621758,0.00457936862018828,0.870991474760567
"SLC25A6",-5.76030602817247,11.7343371539978,-4.19485139575621,0.000160515827609965,0.00460329873433176,0.86096277042304
"OPA1",-2.492400688311,10.090562681787,-4.19144045077318,0.000162164977242574,0.0046240184939454,0.851623448267369
"G4P62_009057",-3.79008442257453,11.0083609923079,-4.18010955144558,0.000167763169544942,0.00472630618056121,0.820616436748371
"SEPT9.1",-2.24797568501002,9.9856440572244,-4.179879119097,0.000167878956603413,0.00472630618056121,0.819986138916157
"ACP2",-3.29689538351567,10.4550576111072,-4.1784601368027,0.000168593687402785,0.00472630618056121,0.816105067132592
"DCTN2",-3.81401896160064,10.7557512649455,-4.17569186798033,0.000169996618778996,0.00473901188663235,0.808534775269194
"CCT7.1",-3.82855876899594,11.1522130501834,-4.1631253305929,0.000176510058323517,0.00489172729353326,0.774189970322299
"MESDC2",3.0751103071193,13.4724992336618,4.1577666635535,0.000179361167220629,0.00489172729353326,0.759554808624566
"RPL3",-4.37312143476577,11.3463570384543,-4.15736769670298,0.000179575231145496,0.00489172729353326,0.75846542926381
"RPL23A.2",-4.29900625339516,11.8264315653038,-4.15535164782657,0.000180660758213137,0.00489172729353326,0.752961130399144
"Nfu_g_1_021511.1",-3.44898725747426,10.6833668400543,-4.15510697990804,0.000180792933517384,0.00489172729353326,0.752293187699863
"DNAJB11.1",4.6608921436355,12.0863780258907,4.15406550059165,0.000181356623106945,0.00489172729353326,0.749450096765766
"AGXTA",-3.92934423318622,10.7310640405648,-4.1487236060281,0.000184274974921493,0.00494372110138843,0.734871168188725
"HNRNPA0",-3.67149566293138,11.4387212287064,-4.14554751001834,0.000186031823007229,0.00496416468880254,0.726206000862234
"EPRS.4",-3.43361537259153,10.8770898260887,-4.14211722519005,0.000187947659846868,0.00498861075870144,0.716849809204458
"AP2A1.1",-3.66445851522961,10.856599358002,-4.13545793532652,0.000191722113231839,0.00506186955040676,0.698693757632468
"CAT.2",5.37916639222468,12.5324158361508,4.13286122332045,0.00019321389929338,0.00507440714459984,0.691616651792769
"AKR7A3",-4.55843801398189,11.8744705763044,-4.11909985440482,0.000201310931166227,0.00524468208220459,0.654136100240581
"HSD17B10.2",-3.36954795093922,11.1838666042509,-4.11768725986615,0.00020216060394509,0.00524468208220459,0.65029112450821
"FABP3",-5.31786732572927,12.7629402996831,-4.11654467234214,0.00020285042923156,0.00524468208220459,0.647181412554493
"UGT1B4",3.12481731633781,10.8339190802798,4.11311544990613,0.000204934617587087,0.00527125640082249,0.63785005195299
"TMPOB",-3.50367324479434,10.5922578699276,-4.10515294564894,0.000209854983669081,0.00535601010143014,0.616193192994702
"Nfu_g_1_015341.1",-3.07429696539582,10.797234300051,-4.10431994012716,0.000210376348673408,0.00535601010143014,0.613928361322141
"ECI2.3",2.95750788749711,11.1960117467997,4.1025758650175,0.000211472036599889,0.00535657595245405,0.609186958328126
"BUB3.1",2.44608215674265,10.5328644182854,4.09941147277309,0.000213474257751149,0.00537998255645572,0.600586065526103
"LOC107390152",-3.1537287644136,11.3150254937383,-4.0964382018053,0.000215372406004261,0.00538587357003877,0.592506707904566
"ITSN1",-2.43481555418813,9.81338199387252,-4.09566817163184,0.000215866676153858,0.00538587357003877,0.590414608497566
"PBXIP1A",-2.61538759639229,10.147477819684,-4.09240943922534,0.000217970690625264,0.0054113121702491,0.581562429577894
"KRT5.7",-5.36811168329233,12.225248479739,-4.08886844554806,0.000220279640900454,0.0054415614262043,0.5719462405913
"RPL8.2",-4.69107892300114,11.7050428458821,-4.08071736743692,0.000225685744333478,0.00551491142259437,0.54982144185532
"ABAT.2",4.32685491152111,11.7764880902661,4.0800990376462,0.000226101086689425,0.00551491142259437,0.548143705737259
"MDH1.4",-4.34038864471884,11.8553407363266,-4.07938675993104,0.000226580459920286,0.00551491142259437,0.546211166260744
"CRELD2.3",-3.65865605286006,11.1700088276019,-4.077773776216,0.00022766968999087,0.00551491142259437,0.541835278160107
"UGGT1.4",-3.20530281832178,10.0123760330959,-4.07375739366502,0.000230404155970939,0.00555418714152166,0.530941776560771
"DBT",-2.74739032207739,10.2118785303411,-4.07088681078628,0.000232378137347306,0.00557484089116854,0.523158271564212
"PKP3",-2.87257427091233,10.4082516608925,-4.06903047336152,0.000233663438393157,0.0055788543424969,0.518125879978477
"ACOX1",-3.54082606969927,10.3441088209992,-4.06368684990123,0.000237402121896552,0.00564112661077997,0.503644181283411
"Nfu_g_1_019087",-3.83973187448271,10.3014581068056,-4.05732305250334,0.000241930738655228,0.00572148998051938,0.486406395809736
"OXCT1A",-3.86456492418919,10.9325795633216,-4.04797705285746,0.000248734634900215,0.00585465013279279,0.461107836118424
"RPS20.1",-4.55215023028708,12.3287677452462,-4.03312544916849,0.000259932150790415,0.00608949029316511,0.420948667879188
"AL928657.1",-3.0087058759209,10.6491926109978,-4.02449322338756,0.000266664728189263,0.00621802333488047,0.3976310275246
"ACAA1.2",-3.26651627169802,10.793179325567,-4.02080516119324,0.000269592719264696,0.00623688539014491,0.38767416989417
"AMT",-3.59413820858303,11.5528800150854,-4.02032853579671,0.000269973395645551,0.00623688539014491,0.386387637959949
"HNRNPH1L.1",3.10290072509163,10.8271895613488,4.01746166659581,0.00027227421282079,0.00626105217500341,0.378650392498123
"GSS.2",-2.914013981498,9.9868627385946,-4.0105654332537,0.000277887346350164,0.0063608158637033,0.360046647503067
"HTATSF1",-3.27221896402534,10.1418354432515,-4.00868422776582,0.000279438007888588,0.00636710346741578,0.35497378382354
"RBP4.1",-3.45653025427321,10.9953105759767,-4.00337182337081,0.000283862629393591,0.00642857451102182,0.340652993869541
"VPS35",-2.8848905029997,10.8965210494025,-4.00099633342395,0.000285863149962849,0.00642857451102182,0.334251551937585
"CKAP4.2",-2.77557617715823,10.1293566878272,-4.00081624473682,0.00028601537052527,0.00642857451102182,0.333766307397789
"dnm2a",2.78822252772095,10.6640667683016,3.99842232240348,0.000288046356700866,0.00642857451102182,0.327316697342243
"RPN2.2",-4.04357772600098,11.2794893174523,-3.99660185319698,0.00028960022484033,0.00642857451102182,0.322413002715018
"A1CF.2",-4.38460738097441,11.6941607005441,-3.99502375214357,0.00029095382199137,0.00642857451102182,0.318162820167013
"Nfu_g_1_022524",-4.15200849025677,11.206146207302,-3.99270992957964,0.000292949621333248,0.00642857451102182,0.311932281132417
"Nfu_g_1_015790",-2.38028464835273,9.98778274601481,-3.99108573481969,0.000294358535828614,0.00642857451102182,0.307559523277542
"Nfu_g_1_000695",4.92217014659334,11.9858096162949,3.99036348449094,0.00029498717230824,0.00642857451102182,0.305615245170467
"G4P62_017877",-2.67865489303172,9.7952868447467,-3.98910370658442,0.000296086795332382,0.00642857451102182,0.302224265789128
"LOC107394134",-4.94421022328449,12.3823116136474,-3.98885193020648,0.000296307041590184,0.00642857451102182,0.301546599288987
"TAT",-3.63633546524136,11.1656810140977,-3.9742764850362,0.000309332754338804,0.00668212313485121,0.262342994817487
"GDI2.2",4.00302203084156,11.6696281369539,3.96253945458469,0.000320225433389224,0.00685061328439584,0.230812453204033
"MANF.1",-4.08341968213404,11.6592217071583,-3.96162106229074,0.000321093331332792,0.00685061328439584,0.22834673174976
"A0A8C6MB65.1",-3.5228286016956,11.4984560778022,-3.96085148897584,0.000321822354804608,0.00685061328439584,0.226280726985804
"VAT1.1",-3.07149090512703,10.9105966402711,-3.95927004127611,0.000323325533036475,0.00685061328439584,0.222035625228568
"P4HB",5.49054615504827,14.084640678826,3.95856598370141,0.000323996940905294,0.00685061328439584,0.22014591725309
"uox.1",-4.23217215764111,12.2278292318282,-3.95150366401223,0.00033080724611566,0.00696509771357444,0.201197427057065
"GPT.1",-3.1831357761449,11.2279713202491,-3.94867672677623,0.000333572160740571,0.00699380286594726,0.193616192259354
"CSRP1B.1",-2.36944010233883,9.95977199404006,-3.94538619841585,0.000336818813502772,0.00703232585514156,0.184794272815583
"CU914772.1.2",-2.92362725895853,10.2244964244033,-3.94332745847714,0.00033886571186335,0.00704455464140465,0.179276190045623
"EPCAM",-3.07049724502391,10.4533167910362,-3.94196399277571,0.000340227989695095,0.00704455464140465,0.175622262233525
"HSP90B1.1",5.43653446172752,13.0055947887589,3.93890139039003,0.000343307371606863,0.00705548136848976,0.16741658561051
"CAP1.1",-4.51943917984707,11.8741280353073,-3.93862801224122,0.000343583561631866,0.00705548136848976,0.166684236481522
"RPLP2L.1",-4.48109063763809,11.9022522508585,-3.93676106937234,0.00034547549246195,0.00706525699748005,0.161683421332583
"SSB.2",-3.33978307562203,10.9313749435145,-3.93450955248215,0.000347770624049928,0.00707648216403977,0.155653674779675
"LRPAP1",-3.60864033228276,11.0161118605205,-3.9322357048389,0.000350103565120235,0.00707648216403977,0.149565450772077
"ACADM.2",-3.95005126276855,11.3441793992872,-3.93206552692467,0.000350278776456478,0.00707648216403977,0.149109853301353
"UBXN4.2",-3.28259926344395,10.5465781899168,-3.92974977648401,0.000352671511797335,0.0070960921123738,0.14291090857779
"SAFB",-4.04809989529906,11.6853153360268,-3.92821600510267,0.000354265012671238,0.0070995277639738,0.138805977531893
"NPC2.1",-4.68057624862151,11.9487158192556,-3.92505443003766,0.000357571826571948,0.00713713365837608,0.130346373821729
"G4P62_015113",3.23837277852362,11.7199088673165,3.91630726304533,0.00036687796075174,0.00729370925956647,0.106954629097778
"AARS.2",-3.77799557003094,11.9876504798764,-3.91031272075933,0.000373391078531235,0.00736642209392783,0.0909355146314264
"TPRA",-2.50742234400473,10.241543598199,-3.91018124981335,0.000373535174663906,0.00736642209392783,0.0905842925944054
"LOC107374251",3.53310363215541,10.9425489948919,3.90888011883675,0.00037496417071296,0.00736642209392783,0.0871085916365546
"FAM50A",2.50286916153235,10.9928494673274,3.9039114911441,0.000380470116022172,0.00744527795666916,0.0738400326720567
"NOP16",-3.10034890877461,11.1666794903137,-3.8915382479525,0.000394525029437794,0.0076901558472445,0.0408260416245039
"PSMC1",-3.48739399113631,11.2965730898436,-3.88877984114928,0.000397726411666531,0.00772239219539295,0.0334716696928208
"f2",2.33661295731683,12.774251920688,3.88730815428539,0.000399444746256308,0.00772569489852316,0.0295487375715862
"HSD17B10.3",3.50705489234908,11.0333155096156,3.88429705958508,0.000402982984381698,0.00774916402301879,0.0215241593558932
"G4P62_008564.2",-4.17891285336686,11.0425591462399,-3.88363581522061,0.0004037640573116,0.00774916402301879,0.0197622655585068
"CALUB",-4.11162933922394,11.0586982530041,-3.88107304852011,0.000406805155416195,0.00777761580661614,0.012934848846939
"XRCC6.2",2.78466269624788,10.6499847596143,3.87951230409726,0.000408668093441263,0.00778341139798436,0.00877776332147029
"TKT.2",4.81908694925037,12.6068288556803,3.87737520722063,0.000411232421976135,0.00780247066791222,0.00308660884802237
"QARS.1",-3.83904058636969,11.0236636036653,-3.86911049229495,0.000421297205383545,0.00795179386110297,-0.018910997572287
"XPNPEP1",-3.50841613281892,11.4154723676647,-3.86830595158961,0.00042228965394635,0.00795179386110297,-0.0210514007819977
"G4P62_009398",-2.96076864980976,10.0741495632676,-3.86194473239702,0.000430216911842274,0.00807061048907124,-0.0379686310258895
"PDXDC1.1",2.40475503996825,10.3512552709424,3.85774430866348,0.000435530399157669,0.00813420473597833,-0.0491333391946753
"ACO2",-2.94010836501393,11.7962391862064,-3.85570142523037,0.000438137591040073,0.00813420473597833,-0.0545615746072468
"HHIPL1",-2.74056344362309,10.5364058973855,-3.85542057024624,0.000438497209214062,0.00813420473597833,-0.0553077575628587
"PHYHD1.2",-4.66952878610002,11.5742734954832,-3.85116237651022,0.000443984796715857,0.00820549679856342,-0.066618394183231
"G4P62_018229",-4.63166241755814,12.2319567027106,-3.84842237788629,0.000447551042440528,0.00823055709577216,-0.0738937640333015
"DDX17.1",3.1043193570109,10.6255428925468,3.84759025387717,0.000448639585180366,0.00823055709577216,-0.0761028495117362
"ACTA2",-4.45255800006047,10.9698261021478,-3.84289666945249,0.000454827772041978,0.00831351861717755,-0.0885595970683042
"UQCRH",-3.95027600445068,11.5553670839042,-3.83984159812571,0.000458900093963686,0.00835734112729487,-0.0966644746399767
"GOLGA2",-2.86100360147996,10.6125054041776,-3.83725960772557,0.000462369373132268,0.00838990244338188,-0.103512291046609
"FARSA",-3.09502915168256,10.4187117742149,-3.83577393561067,0.000464377106629288,0.00839580348579763,-0.107451673849927
"AGLA.1",-4.01723262716736,12.2822158228908,-3.82494745440374,0.00047926547770575,0.00863369939982561,-0.136140456228828
"CABZ01085054.1.1",-3.47295206238978,10.9110789966895,-3.82232936522919,0.000482934743039415,0.00866850492002403,-0.143073144852666
"NDUFA2.1",-3.67326649848213,11.116753126407,-3.8206601504768,0.00048528836041446,0.00867953017372099,-0.147492216089534
"NPEPPS",-2.98731148387125,10.1426858644886,-3.81509169770307,0.000493220670643396,0.00869088474574137,-0.162228454784692
"PSMD4B.1",-3.49183988132305,11.1859344439087,-3.81473441609181,0.000493733890421623,0.00869088474574137,-0.163173659775259
"VRK3",-2.83724401019606,10.1411345371833,-3.81440184296561,0.000494212082742019,0.00869088474574137,-0.164053465018877
"PUF60.2",-2.80281592029006,9.45728479252059,-3.81401767501559,0.000494765019884062,0.00869088474574137,-0.165069722951046
"GSPT2.2",2.87819075075538,11.0124728145019,3.81251636834998,0.00049693162406366,0.00869088474574137,-0.169040802641026
"IMPDH",-2.62773049372187,10.0293142615767,-3.81246076244855,0.000497012047860282,0.00869088474574137,-0.169187872619561
"TMED9",-3.34964675084457,10.708128847708,-3.81061986824935,0.000499681700428778,0.00869088474574137,-0.174056292471765
"TCP1.2",-3.52751170713253,11.1742194114233,-3.8104996674778,0.000499856497400355,0.00869088474574137,-0.174374141566775
"LUC7L2.1",-2.69647862176022,10.2050286215247,-3.80735070746785,0.000504456915079725,0.00874041668836051,-0.182699538799446
"LOC107380949",-4.39590593656025,12.2090280333138,-3.8061247756768,0.000506258994582183,0.00874128852237056,-0.185939967110686
"COX5B2.2",3.86968839141712,11.8125597366656,3.80422204182326,0.000509068314476665,0.00875948582496054,-0.19096850001115
"GCSH.1",-3.72906099651778,11.6343607669826,-3.80118950045028,0.00051357701178615,0.00877678256323522,-0.198980756793288
"CTRL",-4.01295182278696,11.1181768730506,-3.80117994183758,0.00051359128426146,0.00877678256323522,-0.199006007406375
"SHMT2.2",3.96709809346578,11.3912329690901,3.79569870380945,0.000521839234347764,0.00887222169711533,-0.213481293978869
"MYL12.2.1",-2.81198230358958,11.4129559501334,-3.79511038699017,0.000522732099990362,0.00887222169711533,-0.215034458345826
"DRG1",3.23370206908312,10.285191177288,3.79379755042289,0.000524729881536574,0.00887593935209324,-0.218500008124003
"COPA",-3.08567039872572,10.6288984646938,-3.79080795454836,0.000529306879086783,0.00892311259001029,-0.226389930302098
"PRDX4.1",4.38194713615254,12.0791804300276,3.78128827498983,0.000544140400576922,0.00914229157871664,-0.251496483883079
"PDIA3.1",-5.28803947109032,12.3341812511961,-3.7773476654862,0.000550397777173611,0.00921639230904806,-0.261881538338717
"ECH1.3",-2.644570861219,10.4427184483518,-3.77154129426274,0.000559744996496035,0.00934156365389704,-0.27717541883769
"CKB.2",-3.20346620168956,11.1045294038533,-3.76951483089812,0.000563043282825901,0.00936528660433749,-0.282510784794377
"Nfu_g_1_018794.3",4.41614285881358,12.1229960299068,3.76822470987568,0.000565152888600985,0.00936670909355187,-0.285906852569854
"TPRB.2",-2.81578339920549,10.1398420730741,-3.76717014534961,0.000566882995241015,0.00936670909355187,-0.288682490048453
"PTMAB",3.18751236127344,15.2063251048596,3.76335982255732,0.000573177006424362,0.00938582845346553,-0.298708642907049
"HDDC3.2",-2.86080019979011,10.6578459829303,-3.76315869181308,0.000573511113579069,0.00938582845346553,-0.299237763146226
"ACSS3.1",-2.92767879448927,10.3560430858549,-3.7630553205647,0.000573682901464326,0.00938582845346553,-0.299509700164105
"RPS12.1",5.01287001874303,12.5318753179662,3.75964244762022,0.000579382652012678,0.0094481027239976,-0.308486133410623
"G4P62_008547",-3.69664076159419,10.7508965534262,-3.75563218994579,0.000586150144194193,0.00951089668904084,-0.3190294292704
"KPNA4.1",-2.55017356913183,9.59727427949509,-3.7551050851952,0.000587045326698312,0.00951089668904084,-0.320414879863477
"MYNN",-3.3557218858206,10.6473953955779,-3.75293723133944,0.000590740926893261,0.00953946978872346,-0.326112043089741
"EIF4H.2",-3.81463254870521,11.194592838827,-3.75019484069176,0.000595448223785402,0.00953946978872346,-0.333317118826869
"FUOM",-2.05690847066337,9.88150298698453,-3.74982088203246,0.000596092927365173,0.00953946978872346,-0.334299447717409
"A0A8C6MHX6",2.74363703361245,10.9530778342412,3.7492904276809,0.000597008587861638,0.00953946978872346,-0.335692794722145
"PGD",-3.89341079818508,11.3491341610561,-3.74850461587786,0.000598367543861812,0.00953946978872346,-0.337756737784628
"EFTUD2",-3.28301641066439,11.1257696315174,-3.74432711383302,0.000605642378276135,0.00962469894139463,-0.348725928590961
"RPS20",6.30182852948855,12.3538038817618,3.74303946952197,0.000607901926140587,0.00962621389338878,-0.352105955020013
"rpl23a",4.28175786514053,12.3693536831283,3.74092204297311,0.000611635314536422,0.00962621389338878,-0.357663065663121
"DARS.2",3.31629304226863,11.4636822364895,3.74049857022392,0.000612384627399648,0.00962621389338878,-0.358774295231278
"RPS12",-4.08553881609245,12.0384933666455,-3.73989502068212,0.000613454111843213,0.00962621389338878,-0.360357970062335
"Nfu_g_1_006859",-3.25476434461172,10.5309599684053,-3.73153496606459,0.00062845520125348,0.00979755026013048,-0.382283063760388
"CCDC6A",-2.91297855872429,10.6640507417488,-3.73100452069945,0.000629418897854246,0.00979755026013048,-0.38367350763378
"VDAC3.3",-3.55273923141556,11.2101772415184,-3.73000852449258,0.000631232255663079,0.00979755026013048,-0.386284061731137
"PWP1",-2.88157043777574,10.6529379585748,-3.72946350049304,0.000632226690132668,0.00979755026013048,-0.387712470362438
"GALM",-2.4450592510306,10.1767306918648,-3.7262528512298,0.000638115569481781,0.00983431582230395,-0.396125192685099
"EPRS.8",3.08336015076744,10.8077523032218,3.7250235701829,0.000640384295359338,0.00983431582230395,-0.39934540570234
"CALRL.2",5.0479149579366,13.9329482680031,3.72495474279311,0.000640511551552862,0.00983431582230395,-0.399525691881814
"PHYH.1",-4.13598458211069,11.2885434349735,-3.72319931996172,0.000643765462415636,0.00984526316676011,-0.404123358524813
"DDOST.2",3.8276686558663,11.4425063304051,3.72244395182028,0.000645170552210532,0.00984526316676011,-0.406101475049915
"DHTKD1.1",-4.06619426378375,11.2022459823741,-3.72025386069939,0.000649261210235946,0.00987747999718711,-0.41183579532803
"LIPF.2",-3.58578667389784,11.2276653121309,-3.71817829802962,0.000653161090440387,0.00990660742035724,-0.417268912891221
"CU928083.1.3",-3.8280713639649,11.1451107526089,-3.7151948445486,0.000658806553821078,0.00996195364717327,-0.425076304398722
"RCN3.2",-3.87421705595743,11.7180346428924,-3.71255328223011,0.000663844423364412,0.0100078056573668,-0.431986757625013
"F11R.1",-2.99015206971773,10.6532776685513,-3.7095808975316,0.000669557754848213,0.0100635337249777,-0.439760132737249
"LOC107381205.1",-2.66156553872886,10.1598315259409,-3.70806108458341,0.000672497379780759,0.0100773631384564,-0.443733709938257
"LIG3.3",-3.19424469360222,10.4932922126933,-3.70105379180783,0.00068621301777258,0.0102521046667221,-0.462045316849391
"NDUFA9",-3.40961237886737,10.9484676623506,-3.69800081628109,0.000692272914767135,0.0102836185084424,-0.470018737382683
"snx4",-3.36076199481692,10.8766155347329,-3.69754095039929,0.000693190179130785,0.0102836185084424,-0.471219516982388
"ACTN4.1",-3.76553690206555,11.3554241696747,-3.69688284741746,0.000694504897263543,0.0102836185084424,-0.472937811242738
"A0A8C6LC26",-4.8358378877715,12.1055239652851,-3.69535569757009,0.000697565033829079,0.0102914844415784,-0.476924659655168
"FASN.2",4.43199653525621,12.3331907404452,3.69456181939202,0.000699160967073161,0.0102914844415784,-0.478996912863814
"CHDH.2",-3.2178021129223,10.7221089703575,-3.69328511192477,0.000701734933482178,0.0102989921119884,-0.482329086083717
"CKBB",3.48329299813473,11.851574591555,3.6877766827406,0.000712945812611551,0.0104027833976742,-0.496700206414601
"EIF2B3.2",2.29327914508313,10.7347898512433,3.68605578186064,0.000716483561007793,0.0104027833976742,-0.501188007679218
"CABZ01038928.1",-3.5945540438848,10.6921810217473,-3.6846177353123,0.000719452830946254,0.0104027833976742,-0.50493747558394
"G4P62_004806",-3.17508634903158,10.2099156469682,-3.68436278123008,0.000719980497610801,0.0104027833976742,-0.505602159517934
"STAM2.1",-2.48138894557326,9.96423054760455,-3.68420159499675,0.00072031429015264,0.0104027833976742,-0.506022373466627
"HADHAB.2",-4.09386354489952,11.6559531857956,-3.6837186743016,0.000721315241602261,0.0104027833976742,-0.507281304035558
"NCL",-4.52273761731393,11.7792850319697,-3.67487689997561,0.000739880854590569,0.01063978520002,-0.530318261732941
"CHD2",-2.94894727966361,9.8459852749453,-3.67146499104987,0.000747167735727745,0.0107136982795444,-0.53920139718441
"GAR1",-2.60988975338888,9.91755132750834,-3.66930477665086,0.000751817122265654,0.010726149508048,-0.544823788729224
"AIDA.1",-3.38646655811679,10.9334268905563,-3.66906489445817,0.000752335135835032,0.010726149508048,-0.545448040595402
"G4P62_001145",-2.70219350441612,9.90790307006328,-3.6660894042665,0.000758789273586072,0.010768775697885,-0.553189746397129
"GCAT",-2.83830287262934,9.68668060003841,-3.66546143001629,0.000760158227928169,0.010768775697885,-0.554823272485347
"plg",-3.50111719361925,11.0145883780322,-3.66471012855362,0.000761799162595876,0.010768775697885,-0.556777443153866
"STBD1.3",-2.60812110689696,10.2288085056743,-3.66230778611039,0.000767069154159406,0.0108033806624803,-0.563024864780487
"NAPG.1",3.20341120215368,10.21769020971,3.66162327865894,0.000768577181398896,0.0108033806624803,-0.564804632758864
"CPOX.2",2.92940124319425,11.0240032347582,3.65984449848902,0.000772509376099215,0.0108281510863345,-0.569428900947798
"EEF1B2.1",-4.28084975011904,11.371418041873,-3.65817821003265,0.000776210505484004,0.010849553003824,-0.573759825807524
"ENO3",5.12786888601191,12.9972130681416,3.65606445980916,0.000780930160387947,0.0108850321238432,-0.579252513884863
"G4P62_010986",-3.40391326152808,11.5251485584878,-3.65400953051618,0.000785545021943812,0.0109118962755573,-0.584591005839596
"PRDX1",3.09154866365484,12.0140729717776,3.65240694037533,0.00078916229705403,0.0109118962755573,-0.58875344503967
"TARS",-3.17136189634985,11.3188780978176,-3.65229403467706,0.000789417746588416,0.0109118962755573,-0.58904666673243
"PRRC2C",-2.81576952252485,9.78827050441237,-3.65055922736242,0.000793352800696101,0.0109359957886009,-0.593551541818488
"SDHA",2.79013921823215,10.9444386967136,3.64794608088449,0.000799315937293492,0.0109639982519992,-0.600335457864336
"UGP2A",3.76862984680023,12.4603299991331,3.64737641651619,0.00080062162728865,0.0109639982519992,-0.601814060988361
"ACOT9.1",-2.80635998494048,10.7416633822761,-3.64678653514151,0.000801975824044032,0.0109639982519992,-0.603345030569
"AKAP12B.1",-2.7105648172911,10.1160837375406,-3.64016246254884,0.000817335327037942,0.0111434515899435,-0.62052948206383
"SF3A3",2.35866900248113,13.1052076644568,3.63904318675298,0.000819958508139297,0.0111487546474526,-0.623431779411306
"idh3a.1",-3.68558384082141,10.9066193350651,-3.63688430370926,0.000825041113053495,0.0111873781362417,-0.629028666705445
"SEC13",-2.64368697708589,10.0508978553895,-3.63306296489306,0.000834112189223013,0.0112797285209291,-0.638931816605897
"AGPS.1",-2.76036847827472,10.2305503422305,-3.63150769312634,0.000837831561543546,0.0112941754394082,-0.642961030095812
"ETFDH.1",-3.35539823571029,10.9930360530247,-3.62944869061628,0.000842780197811972,0.0112941754394082,-0.648294059828719
"MNF1",-2.90204080753026,10.6083259030884,-3.62894537241335,0.000843994160564993,0.0112941754394082,-0.649597499757217
"EIF2A.2",-2.6671590961946,10.6004452834919,-3.62884603410445,0.000844233955691236,0.0112941754394082,-0.649854745955843
"RPL3.2",4.66524593297661,12.3143594090719,3.62402192237436,0.000855958388130862,0.0113549738387903,-0.662343444890692
"PLS3.1",-3.54468057434527,11.5781549123678,-3.62256067652807,0.000859540646040467,0.0113549738387903,-0.666124855616362
"EHD1",-3.49488542432589,10.8211919801449,-3.62242202931919,0.000859881290804857,0.0113549738387903,-0.666483611088026
"PSMD2.1",-2.85190369613236,10.5108864491862,-3.62200730112432,0.000860901020953558,0.0113549738387903,-0.667556700792163
"CRYL1",-2.90277739245444,10.6584057290631,-3.62191712119284,0.000861122908873785,0.0113549738387903,-0.667790029801701
"NUP62L.1",-3.64418845784753,10.5707862839568,-3.62082017176317,0.000863826373739612,0.0113549738387903,-0.670628036286987
"GNB2L1",4.11491255666585,11.8598824703445,3.61983879175913,0.000866251947783533,0.0113549738387903,-0.673166715469525
"NAP1L4A.1",3.48229922662133,11.3131115082918,3.6195435408556,0.00086698297246074,0.0113549738387903,-0.673930423458923
"CHP1",-2.70301973913779,11.0481369887508,-3.61696210854837,0.000873399835660289,0.0114090711516881,-0.680606464256746
"MRPL46",-2.50367459037862,10.4835571167599,-3.61488940137125,0.000878585236753714,0.0114468415963473,-0.685965295254522
"VWA5A.1",-3.13529529631902,10.415914094882,-3.60887108968873,0.00089381028705103,0.0115899167053374,-0.701517318954622
"GMPPAA.1",-3.12080304403575,10.7259375710047,-3.60713371343972,0.000898252570270599,0.0115899167053374,-0.706004719033042
"PC.3",4.67409865128353,12.1255116140915,3.60712715801587,0.000898269372004451,0.0115899167053374,-0.70602164892064
"HSPA4A.1",-2.49052836287295,10.0142997469197,-3.60689785699167,0.000898857267528173,0.0115899167053374,-0.706613827713574
"PPP1R12A.1",-2.48412572585674,9.76720505162494,-3.60259370113996,0.000909961562711459,0.0117028561802324,-0.717726304569585
"VCP",-4.11498359580349,12.6408823999817,-3.60138162478487,0.000913112377071166,0.0117131896184707,-0.720854556866863
"OGDH",2.79992272318102,10.9596650303936,3.59588888559355,0.000927523083568557,0.0118472720995976,-0.735024777597244
"TMEM41B",2.64615769325307,10.1953021588874,3.5951206923685,0.000929555890942672,0.0118472720995976,-0.737005783614762
"ASS1.2",-3.68103539427082,10.6049455260236,-3.59419063304432,0.000932022775411422,0.0118472720995976,-0.73940394910047
"Nfu_g_1_018506",-3.11822977235653,11.6197785792592,-3.59379964552145,0.000933061710449266,0.0118472720995976,-0.740412028990806
"DYNC1I2A",-3.66386213211256,10.5377569264086,-3.59148539329567,0.000939234040368956,0.0118953752828454,-0.746377820111602
"OLA.26123",2.6331860590236,13.0422220581015,3.58730171124374,0.000950492270530645,0.0120074846327795,-0.757158254901638
"CAPZA2",-3.48421878853462,10.9395812065077,-3.58411727152552,0.000959148551585471,0.012041474343721,-0.7653600005699
"CNPY1.2",-3.64173624596343,11.1927092819837,-3.58385089002667,0.000959876088991776,0.012041474343721,-0.766045933149992
"LDHB",-5.22189322242695,12.4506379508527,-3.58248865051069,0.000963604933848738,0.012041474343721,-0.76955333507364
"GCDHL",-3.34803820726002,11.5396176933382,-3.58202475216449,0.000964877939187234,0.012041474343721,-0.770747609274397
"XRCC6",-2.40235685747627,10.2580321927177,-3.58188984637112,0.000965248444386453,0.012041474343721,-0.771094901570059
"NOL8",-2.35995422491282,10.3726214359296,-3.58097158805081,0.000967773990817789,0.0120428733520717,-0.773458643599068
"CKAP4.3",3.50807374641428,10.5483302643322,3.57752952704321,0.000977297665261325,0.0121021171124948,-0.782316571503245
"H6PD",-3.50905096826714,10.3898597485474,-3.57749796456695,0.000977385410087259,0.0121021171124948,-0.782397777413003
"OLA.16066.2",-2.75300194450081,10.4620822162443,-3.57466827173587,0.000985282956479752,0.01214445154562,-0.789676846280746
"EIF3H",-2.90045332027636,11.0572659218555,-3.57452947121213,0.00098567191903329,0.01214445154562,-0.790033826815753
"GRHPRB",-3.65689351589727,11.4656751726284,-3.56979403324071,0.000999031005758853,0.0122787308343268,-0.802209048242532
"EIF2S3",-3.39977849205913,11.5972313452477,-3.56794624938048,0.00100429089487753,0.0123130505293339,-0.806957837531119
"NCL.4",4.13791775721223,12.678501964805,3.56466175611687,0.0010137063803398,0.0123980265634696,-0.815396148567198
"RPS15",-4.5882963881183,11.2594746213215,-3.56226157273575,0.00102064052491114,0.0124523134946371,-0.821560269138259
"RPL13.1",-3.83041229661995,11.1674129848488,-3.56126892613911,0.00102352160990723,0.0124570069108222,-0.824109008512375
"TOLLIP",-2.54038555044771,9.98645095762267,-3.55997284145495,0.00102729518430056,0.0124725133081747,-0.827436365200436
"CARS.2",3.20292857415287,11.1320221299478,3.55581489289154,0.00103949170535866,0.0125884777324923,-0.838107004677217
"GSTT1B.1",-3.36320951271344,10.6985925048625,-3.55499958677354,0.00104189952793369,0.0125884777324923,-0.840198663197537
"PPT2",-3.82357281706967,11.8693043286658,-3.55400199260164,0.00104485299743183,0.0125884777324923,-0.842757675762298
"TUBA8L3",-3.42064415285119,11.8372494883445,-3.55329953233274,0.00104693752685056,0.0125884777324923,-0.844559414811634
"CAP1.2",3.79518465301765,11.6694877977627,3.55112731738377,0.00105340885390367,0.0126358417812002,-0.850129874303602
"SRSF3.1",4.16085724186844,11.6054962160091,3.5500751230068,0.00105655730306129,0.0126432156889109,-0.85282756550586
"FAM114A1.1",-2.72485736224,10.2059666891611,-3.54733258870011,0.00106480630877769,0.0126561985470712,-0.859857316400744
"utrn.2",2.12288449940109,10.5393106632718,3.54655444139283,0.00106715808285404,0.0126561985470712,-0.861851425884217
"UBXN4.1",2.53948097051813,10.7438957081141,3.54628624776989,0.001067969794461,0.0126561985470712,-0.862538661524942
"ACBD3",-2.61143087801252,10.251981609183,-3.54543239107255,0.00107055802382878,0.0126561985470712,-0.864726473933917
"TRMT1",-2.8657424806929,10.0588923581064,-3.54461819228822,0.00107303165981384,0.0126561985470712,-0.866812442428806
"hpxb",-2.87355633492607,10.9222736391201,-3.54408504629796,0.00107465440023696,0.0126561985470712,-0.86817823521157
"ATP1A1",-2.44896628946848,9.45001721482458,-3.54311586698829,0.00107761034557192,0.0126561985470712,-0.870660794919973
"DHTKD1.2",3.27159628780363,11.2043180853499,3.54301031608681,0.00107793274198503,0.0126561985470712,-0.870931145104888
"RPS7.1",5.01783935573836,12.0453926049108,3.53701723214583,0.00109639105139125,0.0128379972843708,-0.88627518613441
"porb",-3.28786330156247,10.78551697048,-3.53631872133329,0.0010985620922698,0.0128379972843708,-0.888062783816196
"phf5a",-2.83210003548383,10.2576901554288,-3.5344693089812,0.0011043302283907,0.0128752519618448,-0.892794915907495
"CYC1",-2.80811822405502,11.076488771547,-3.53080105050911,0.00111585744471269,0.012979320860411,-0.902177522696065
"ECI1.1",-3.05285487705067,10.8643937484443,-3.52945955172325,0.00112010181706953,0.0129983908538999,-0.905607638440816
"ACAP2.2",-2.13303152346611,9.71640018359717,-3.5282606288787,0.001123908222659,0.0130123016962144,-0.908672677644697
"G3BP1",-3.53493655723535,10.501173270997,-3.52699439293027,0.00112794183770463,0.0130287726160789,-0.911909268914308
"Nfu_g_1_021485.1",-4.28932875321908,11.7336768968458,-3.52556725836506,0.00113250467774457,0.0130345609860948,-0.91555647127981
"G3BP2.1",-3.19602187139755,11.0770054481041,-3.52520452716167,0.00113366722804913,0.0130345609860948,-0.916483360408497
"MYH10.4",3.44943800654623,11.296821536759,3.51833090005556,0.00115591516965463,0.0132598084978772,-0.934039050129502
"OLA.22262.1",-2.63530429484679,10.2770070161439,-3.51364943519793,0.00117130727148264,0.013382294547208,-0.945986516000069
"PSMD13.1",2.43815630174504,10.2399099999684,3.51345328907346,0.00117195645633865,0.013382294547208,-0.946486931435821
"PCBP2.1",2.99086785517473,11.3263864003007,3.51196324886914,0.00117689934296185,0.0134080541584009,-0.950287944985585
"ILF3B",-2.89441969350316,10.7694235305792,-3.50489036299877,0.00120063656861642,0.0136473268277812,-0.968320031360652
"PFKL",-2.87144062603035,10.2619291164202,-3.5032737856915,0.00120612615715918,0.0136785671005098,-0.97243900755537
"NAGK.1",-2.73860739127863,10.2195616866632,-3.50244180234036,0.00120896080255351,0.0136796245005487,-0.974558515178779
"GNMT.1",-3.19341239648056,11.0283504754815,-3.50039592986068,0.00121595852078976,0.0137276765129884,-0.9797694261339
"EEF1G",-3.77450967661768,10.3530845100346,-3.49759341808308,0.00122560742115114,0.0138025169823875,-0.986905160867819
"C7H11ORF68",-2.7467895664096,10.3590151109215,-3.49686719260214,0.00122811974753107,0.0138025169823875,-0.988753824474343
"EPRS.2",-3.39925898893532,11.4252974175461,-3.49541005056938,0.00123317555298287,0.0138281932795158,-0.992462538483342
"AHCY",-4.58187194827381,12.6550116743936,-3.48779810197752,0.0012599130788941,0.0140963369140843,-1.01182438908756
"CRATA.3",2.67469007404624,10.5191052893612,3.48683633203866,0.00126333070825667,0.0141029535440733,-1.01426931587056
"CROT",-3.15310397017065,10.4960063828256,-3.4854759328164,0.00126818005873447,0.0141254877077791,-1.0177270486776
"MAN2B2",-2.73626372131588,10.6862360760495,-3.48425268148644,0.00127255577757867,0.0141426577508186,-1.02083563721
"ARG1.2",-2.73432086822869,10.7137411940574,-3.48133009194404,0.00128306898798879,0.014147219608098,-1.02826054081924
"rpl8",4.36718357425544,12.4227885023875,3.4811911137486,0.00128357099444623,0.014147219608098,-1.02861354315696
"ZFPL1",2.84950384333019,10.0281074248095,3.480926893039,0.00128452591230605,0.014147219608098,-1.02928464067269
"MRPS16",-2.28571346586486,9.85143229237507,-3.47981960232366,0.00128853518366598,0.014147219608098,-1.03209679490563
"CLTC.3",3.66268117516297,11.6750633760894,3.47977566292977,0.0012886945266393,0.014147219608098,-1.03220837760419
"nop10",-2.66125146904604,13.1845997939649,-3.47931575451774,0.00129036348588146,0.014147219608098,-1.03337625961265
"HNRNPUL1.2",3.68509516293794,11.8478186736702,3.47864204499172,0.00129281205236326,0.014147219608098,-1.0350869291858
"FLNA.3",2.85252871532241,12.1640098797156,3.47752092734273,0.00129689659049476,0.0141608621150303,-1.0379332935755
"G4P62_016425.1",-2.94456303552682,10.5636268976162,-3.47581432044273,0.00130313800910545,0.0141840224303082,-1.04226528353244
"Nfu_g_1_017509.2",3.51491517297566,11.3927027825251,3.47494300039216,0.00130633571372035,0.0141840224303082,-1.04447661453412
"U2AF2",-3.05068286896955,11.4385861904401,-3.47394948347172,0.00130999106277268,0.0141840224303082,-1.04699774264094
"PAH.1",4.05864654509969,12.2472472947385,3.47384185362768,0.00131038764336114,0.0141840224303082,-1.04727084096628
"PMVK",-2.93677448831527,10.9864451915116,-3.47250521730909,0.00131532231758941,0.014206619837167,-1.05066206010641
"CKMT1.1",2.97276681104508,10.363337665069,3.46999407727582,0.00132464135134416,0.0142729250021893,-1.0570314364597
"PDCD8.3",2.94150221106978,10.9018904237312,3.46883724204523,0.00132895573806738,0.0142729250021893,-1.05996493700377
"A0A8C6P943.1",-3.15890027749544,11.2310781435415,-3.46854651645409,0.00133004210942245,0.0142729250021893,-1.06070208375517
"LOC107388193.1",-3.39669804980077,10.7128828038766,-3.46598490348247,0.00133965113421257,0.0143451913298728,-1.06719586233171
"CPB1",-3.20062907690876,10.5392412830837,-3.46346992769813,0.00134914998095674,0.0144159708885955,-1.07356914516085
"ACACA.1",-2.98243485595473,10.5470298058102,-3.46144277856983,0.00135685333804437,0.0144673037539346,-1.07870457179674
"PDCD8.4",-3.00785350185172,11.0277944005498,-3.45870300718383,0.00136733179102524,0.014547943789373,-1.08564297412955
"GMPS",-3.17894617806377,9.98011089200676,-3.45748704728733,0.00137200714218691,0.0145666290202397,-1.08872150372346
"C17H14ORF166",-2.93626947228449,10.5123642628099,-3.45449966478462,0.00138355878241762,0.0146580856141485,-1.09628262218046
"PARK7",3.07699512157629,11.3803870555223,3.45353464521302,0.00138731021793894,0.0146666906515155,-1.09872442161322
"RPLP2L",3.87715568614619,11.5687250760681,3.45271687220063,0.00139049687723969,0.014669301093924,-1.10079338041775
"EPRS.1",3.34805076755467,11.310992483578,3.45096680223392,0.00139734006545282,0.0146916977569385,-1.10522023732076
"PVRL2",-2.66155541232537,10.1566164436724,-3.45066885965163,0.00139850830351619,0.0146916977569385,-1.1059737830223
"TKT.1",-4.46185967989462,12.5220648081532,-3.44626107773664,0.00141590107441116,0.0148216816931739,-1.11711806302785
"YWHAE2.2",-2.78823573301134,10.0122267047496,-3.44593674146673,0.00141718903850207,0.0148216816931739,-1.11793781282674
"METAP1.1",2.2853951652168,10.1153909496805,3.44528203396414,0.00141979235457658,0.0148216816931739,-1.11959245027425
"RPN1.1",-4.24428506422373,12.211451464583,-3.44400396902243,0.00142488754438628,0.0148234908951287,-1.1228220497248
"PPP2R2A.2",2.09170224385826,10.251653930354,3.44297645701541,0.00142899657426607,0.0148234908951287,-1.12541808906012
"VAT1",-2.79894540415503,10.4661550962221,-3.44226191842524,0.00143186071353546,0.0148234908951287,-1.12722316750152
"LASP1",-3.13835241346766,13.0779312115236,-3.44217548319681,0.00143220755125203,0.0148234908951287,-1.1274415090305
"CYB5A.1",4.37611309615682,12.2627035548358,3.44152536431485,0.00143481885818581,0.0148234908951287,-1.12908366916285
"PDCD6IP",-2.41162821956311,10.7897257203996,-3.4403891093874,0.00143939377012001,0.0148400308117745,-1.1319534127036
"G4P62_013073",-2.90066911582996,9.78266885916417,-3.43585612617562,0.00145778447934391,0.0149986485606724,-1.14339734481381
"OLA.6486.1",-3.22689566551734,10.4292823529807,-3.43378562554786,0.00146625939974161,0.0150548033018738,-1.14862203980073
"ALDOB.2",5.41783171515603,12.8268464986859,3.43177386485026,0.00147453909490885,0.0151087270710373,-1.15369702207187
"OLA.8803",-2.911111291851,10.4874864870554,-3.42908049063355,0.00148569422929879,0.0151918323856577,-1.16048918133819
"CU929036.1.3",-3.55407148185302,10.9950079558958,-3.42830345759758,0.00148892746139835,0.015191931133363,-1.16244821561184
"SCARA3.2",-3.67379916654217,10.7663991820591,-3.42761618040755,0.00149179283674306,0.015191931133363,-1.16418077689953
"CYB5R2",3.13187477708249,11.9813000820808,3.42596308766215,0.00149870651156986,0.0152312535493556,-1.168347364518
"ADKA.1",3.25058486474687,11.5224847723218,3.42482229374712,0.001503495504504,0.015248867007063,-1.17122213264386
"UGGT1.5",3.25895195842891,11.0591687454764,3.42170297776701,0.00151666518410007,0.0153512358390656,-1.1790802971361
"PACSIN3",-2.35908807444265,12.1334394295996,-3.41852840124646,0.00153018158043842,0.0154566924825663,-1.18707402534084
"POR.1",3.53196259405382,11.102362047615,3.41534598426067,0.00154384710598402,0.0155441558535846,-1.19508379507727
"G4P62_015750",-3.12502660896739,10.6742600207828,-3.41506242098661,0.00154507040147855,0.0155441558535846,-1.19579731048419
"ATP1A1.1",-2.87519302234806,10.6989120593092,-3.41169541283652,0.00155966684151616,0.0156594316683413,-1.20426728183791
"CRYZ.1",-2.99476423490461,11.2157593291665,-3.41059276199174,0.00156447561625994,0.0156761713356167,-1.20704018098479
"OLA.10295.3",3.72435837177292,11.0276141141463,3.40946410470666,0.00156941250765319,0.0156941250765319,-1.20987801706529
"SEC16A.1",-2.73145950719582,10.5283866167506,-3.40752321937684,0.00157793708531244,0.0157478121114181,-1.21475698020886
"SLMAPA.2",-2.25223372864822,9.86770786719945,-3.40415888059984,0.00159281873829534,0.0158646018045783,-1.22321090731899
"CRELD2.2",3.57732072015877,11.3357630410768,3.40181474128017,0.00160326700419188,0.0159276997678765,-1.22909880324833
"CTSC.1",-3.75936689006327,11.8758850178332,-3.40112153780119,0.0016063692879775,0.0159276997678765,-1.23083956929409
"SND1.1",4.28463150183298,11.8042790193163,3.40059498616896,0.00160872959579354,0.0159276997678765,-1.23216172205431
"TXNDC2.1",-3.27381302451502,10.963128260446,-3.39649038785329,0.00162724289218538,0.0160696010554328,-1.24246470705432
"SUCLG1.1",-4.085944305428,12.2740002771484,-3.39599244270346,0.00162950263207395,0.0160696010554328,-1.2437141785639
"Nfu_g_1_014066.1",-3.64657519371136,10.9014986266709,-3.39507276263829,0.00163368415718451,0.0160790610342223,-1.24602164884285
"ACAD9.1",2.29218863387843,10.5285962173184,3.39406825983494,0.00163826307891313,0.0160923873302687,-1.24854158007245
"G4P62_005343.1",-3.21510257074398,10.7120854608115,-3.39327165662991,0.00164190304022599,0.016094496128358,-1.25053970064682
"TFA.2",4.53405010062122,12.3328884772303,3.39261082989079,0.00164492846201655,0.016094496128358,-1.25219707408601
"PA2G4B.2",3.53116634593195,12.0940361457105,3.39189640980284,0.00164820524710302,0.0160949984012604,-1.25398867868524
"UMPS",-2.33322650314108,10.1739153313555,-3.3883160065744,0.00166472155411417,0.0162245323340424,-1.2629646628228
"MRPL24",-3.10025082654044,11.4249508338591,-3.38735037937741,0.00166920300590063,0.0162364970749398,-1.26538464938825
"serpind1",-2.90952266936021,11.3890839025779,-3.38534032374418,0.00167856866789573,0.0162958320093379,-1.27042099337556
"Nfu_g_1_007730.1",4.63811314695984,12.5909714524226,3.38297984395875,0.00168963127660422,0.0163713787771943,-1.2763334255454
"SH3GLB1",-2.40068136738073,9.93964170258154,-3.38160479635291,0.0016961076732316,0.0163734372511143,-1.27977662809174
"ACSL1.1",-2.72326847787541,9.77099961736276,-3.38154153012391,0.00169640622421365,0.0163734372511143,-1.27993503354663
"RPL36.1",-3.62636441797223,11.3399884111997,-3.37959303878641,0.00170562573244602,0.0164149519027334,-1.28481291631198
"CCT5.2",-3.01899273773797,10.8005696123233,-3.37924309889756,0.00170728658066505,0.0164149519027334,-1.28568881055209
"PSMC5.1",3.25337738026824,10.9507749346938,3.3765294849491,0.00172021825267098,0.0164914273304205,-1.29247938716948
"PFDN2.1",-2.63561319309133,11.287354768401,-3.37618837253902,0.0017218504286872,0.0164914273304205,-1.29333279510622
"OLA.6740.1",-3.26048387129623,11.1043661326622,-3.3735429496369,0.00173455878407243,0.016581318644677,-1.29994973090739
"HSPA4A.2",2.81335948055072,11.2724446626688,3.37234492371663,0.00174034344322426,0.0166048064659447,-1.30294546052847
"PGAM1A",-3.71732277273942,11.5513441552359,-3.36933408395742,0.00175496279798635,0.0167123365686105,-1.3104718463325
"USP5",-2.8007278178818,11.407600723937,-3.36771827679981,0.00176285680456038,0.0167349274912796,-1.31450957300481
"GOLGA5",-2.32301802018354,9.7645680823601,-3.36713958809717,0.00176569222784175,0.0167349274912796,-1.31595541377719
"SEC24D",-2.52385054038832,10.4050862419032,-3.36679225751174,0.00176739614988063,0.0167349274912796,-1.31682315078999
"UBAP2L",-1.95229403752526,10.0488989706081,-3.36494752955034,0.00177647232592056,0.0167890092923174,-1.32143107668961
"TLN2.1",-2.285435506218,10.1083912763491,-3.36390523548971,0.00178162015712969,0.0168058309717905,-1.32403404328622
"COX5B2",-3.25712811233243,10.8664412232263,-3.36123041365895,0.00179489627673217,0.0168991177752708,-1.33071211283562
"AARS.1",3.28425698749227,11.349336144495,3.35465214227776,0.00182795001657594,0.0171779107019095,-1.34712416042991
"PC.2",4.59532878345412,12.603058758514,3.35280076601816,0.00183735697783809,0.0172338558635565,-1.35174017243612
"SDHA.2",-2.79729746649062,10.5084477369906,-3.35176033412392,0.00184266376044961,0.017251204811714,-1.3543336951348
"RPL13",4.1015270686348,12.4522144958623,3.35092268516708,0.00184694687449817,0.0172589230407226,-1.35642143385667
"SND1",-4.37511999781636,12.0332448019696,-3.345031366434,0.00187734048621927,0.0174872889731341,-1.37109727415815
"PBLD",-2.45503152127483,10.6139236814591,-3.34482876533507,0.00187839416625248,0.0174872889731341,-1.37160173719253
"SRP68",-2.57773690960016,10.33328511803,-3.34212672884536,0.00189250092671426,0.0175858093562461,-1.37832812412102
"sptb",-2.70499793374325,10.5537740794648,-3.34129623159056,0.00189685706707592,0.0175935255849607,-1.38039498315381
"rps27.2",-3.49635331728227,10.8664548703626,-3.33941297770393,0.0019067706514317,0.0176526633592657,-1.38508085898062
"SEL1L.1",-2.86954933483692,10.6238820116159,-3.33819373381369,0.00191321520368214,0.0176795256784701,-1.38811383261754
"SUPT6H.2",-2.20264260969875,10.2442647257437,-3.33682935365378,0.00192045156162851,0.0176846777897795,-1.39150716859394
"pycard",2.24402242184494,10.5234218507046,3.33672610458995,0.00192100023326652,0.0176846777897795,-1.39176392918838
"Nfu_g_1_018794.2",-3.01568095932496,11.2349488893063,-3.33608605845503,0.00192440481760526,0.0176846777897795,-1.39335550961989
"A0A8C6LI20",3.5695737910423,10.9526052254146,3.33280876983663,0.00194192809896474,0.0178002266634155,-1.40150256077561
"FLOT1B.1",-2.67910912866408,10.9399273172777,-3.33240213309775,0.00194411293217665,0.0178002266634155,-1.40251313567513
"HSP90B1",-4.28984369436338,13.5011034075098,-3.32699646651687,0.00197338110198284,0.0180090462505821,-1.41594125863464
"MTHFD1A.5",-3.6306885184158,11.6267708763762,-3.32685770105021,0.00197413793568505,0.0180090462505821,-1.4162858150512
"PTGESL.1",-2.5225489582127,9.95903407781527,-3.32589606713323,0.0019793903520968,0.0180240106878887,-1.4186733598064
"TARS.1",3.01642944828865,10.7586238580881,3.32331849847956,0.0019935348272769,0.0180800569015259,-1.42507118338569
"GKAP1",-2.17000810765773,10.0086143520882,-3.32285280003962,0.00199610062682159,0.0180800569015259,-1.42622682651679
"LIMA1.1",-2.2704195279116,10.2960752259215,-3.32259625040348,0.00199751545176946,0.0180800569015259,-1.4268634254173
"MLEC.1",2.65831734071763,10.4703951256915,3.3221392027438,0.00200003835864576,0.0180800569015259,-1.42799747431009
"PSMB4.1",-2.43633764573805,10.153855932865,-3.32063523514574,0.00200836175666941,0.0180904185327388,-1.43172862039325
"etnppl",-2.79627424292422,12.0474600052379,-3.32062198313026,0.00200843524391529,0.0180904185327388,-1.43176149300559
"CSDE1.1",-2.42366042275579,10.2278542673264,-3.31970951658593,0.00201350137832037,0.0181033727528264,-1.43402477047278
"CLYBL.2",-2.50094078903319,10.3611476615531,-3.31643771936284,0.00203176726250865,0.0182347457552485,-1.4421374627579
"PRPF39.1",-2.41584138826701,9.96113557636079,-3.31557002981037,0.00203663788528297,0.0182456428142945,-1.44428827304371
"FABP3.1",4.6484877682972,13.818521588973,3.31322062751056,0.00204988182108056,0.0183313804429964,-1.45011045082695
"MSRB2",-3.62405155866974,10.9359646787586,-3.31221515509891,0.00205557489126041,0.018349407347745,-1.4526015083077
"ALDH5A1.1",-2.5261410075789,10.0131190235144,-3.31040040583957,0.00206588835516594,0.0184085408790679,-1.45709655140316
"UGP2A.3",-4.18902097052468,12.3756322722377,-3.30836241367302,0.00207752937736775,0.0184792720018986,-1.46214302433248
"MSRB2.2",-3.03685085188802,10.3448360914328,-3.30565356902055,0.00209309918972517,0.0185846351543213,-1.46884814960816
"GMDS",-2.4588741631901,10.0573410779977,-3.30297801800032,0.00210858683981587,0.0186888957916185,-1.47546804626393
"COPA.1",2.9081671111605,11.1083301359799,3.2999963534394,0.00212597519632092,0.0187684805255977,-1.48284202988631
"LOC107391533",4.02979018869059,12.2719369862182,3.29945678624791,0.00212913639843355,0.0187684805255977,-1.48417606608249
"CPSF5",2.60102958173822,10.802192181002,3.29897419313249,0.00213196759889783,0.0187684805255977,-1.48536914165567
"RSU1",-2.2216631303582,9.78322366685172,-3.29871682290779,0.00213347896484978,0.0187684805255977,-1.4860053796637
"gda",-2.40136376156955,12.2863764267445,-3.29734000665397,0.00214158146575214,0.0187684805255977,-1.48940852812159
"LBR.2",-2.77636570132356,10.3009880488001,-3.29706103045353,0.00214322679868619,0.0187684805255977,-1.49009799735984
"RRBP1A.8",-3.4345031293074,11.2047777819122,-3.29694786417664,0.00214389456905625,0.0187684805255977,-1.49037767079808
"SIKE1",2.26789300793835,9.83988971754292,3.28982056932284,0.00218635319201966,0.0191066592437445,-1.50798154984161
"DDX3",2.55596591919868,11.0205449026706,3.28555969204188,0.00221211756483793,0.0192769363762679,-1.51849602122993
"TRIP11.2",-2.3943960481435,9.85851535457046,-3.28532188088747,0.00221356403679389,0.0192769363762679,-1.51908265094971
"CKAP4.1",-2.55538046330479,10.3810323129438,-3.28306814843118,0.00222731704773556,0.0193629130108022,-1.52464101956357
"PRKAR2AA.1",-2.5287366926802,10.1460527861562,-3.28235780575641,0.00223166864019495,0.0193670026340397,-1.52639251688881
"COPE.1",-2.9607817832459,10.7337637995706,-3.28118019754843,0.00223890057544452,0.0193960310268544,-1.52929571359657
"MPP6B.1",-1.97618557205954,9.93669374977137,-3.2803655636067,0.00224391647139954,0.0194057940940792,-1.5313037358299
"PARK7.3",-3.3344233936313,11.7917331729547,-3.27864986637037,0.00225451547179686,0.019463723536793,-1.53553196153348
"KIF5BA",-2.06267241824582,10.2347535421489,-3.27323010932815,0.00228831109960906,0.0196264507482656,-1.54888091651426
"FAHD2A.1",4.20389592730441,12.4617596377393,3.27282980639604,0.00229082628750714,0.0196264507482656,-1.5498664056899
"HIP1",-3.17731824036994,10.7854731594353,-3.27281322347798,0.0022909305382659,0.0196264507482656,-1.54990722910978
"uox",3.88085817034275,12.1594423229377,3.2726795302379,0.00229177118400339,0.0196264507482656,-1.55023634783559
"PPID.2",-3.35800956050944,11.2666906225331,-3.27186434019997,0.00229690335424078,0.0196264507482656,-1.5522429839863
"ACSS2",-2.9327916871835,10.1282878506757,-3.27175364773736,0.00229760108138126,0.0196264507482656,-1.55251543927452
"anxa11b",3.51178466422202,11.5734134982691,3.27073967799396,0.00230400183172221,0.0196264507482656,-1.55501096815642
"PHACTR2",-1.99587742423232,9.23985944153363,-3.27060872994123,0.00230482968707086,0.0196264507482656,-1.55533322068598
"PSMD6.1",-3.26800522275785,10.8368252694562,-3.26665345134794,0.00232996893908014,0.0198067206235263,-1.56506361225759
"USP5.2",3.17797452277297,11.3332206894175,3.26550174992737,0.00233733795511766,0.0198355721021039,-1.56789574013053
"CYP2J2",3.30800705638595,10.889671912848,3.26012430369238,0.00237203955136692,0.0200870610901556,-1.58111228626713
"COPS3.1",-2.51900208323451,10.0722035972265,-3.25966544446171,0.00237502325514866,0.0200870610901556,-1.58223952124435
"HSPA8.3",2.50564414671732,11.9680569344053,3.25685219936974,0.00239339445630349,0.020205539202122,-1.58914869815643
"CRYZ.2",3.58757819838152,11.3441952869053,3.25628266288895,0.00239713010173471,0.020205539202122,-1.59054706139523
"FBL.1",-2.76754768427126,11.4370698872306,-3.25479725314179,0.0024068991806735,0.0202536710144364,-1.59419352230757
"UQCRC1",-2.84899870721492,10.6374887496754,-3.25297641376899,0.00241892597572551,0.0203206071024752,-1.59866220081828
"CHMP6.1",2.76644507417538,10.9768156812226,3.24961946900545,0.00244124895177318,0.0204736676795768,-1.6068972626579
"CNPY1",4.35678353527637,12.1439437853439,3.24679547988831,0.00246017957673204,0.0205852331973409,-1.61382138353174
"EMC2.2",2.5240821566947,10.5950012894484,3.24640584310528,0.00246280244865982,0.0205852331973409,-1.61477647827695
"GDI2",-3.15410180342327,11.2019233912634,-3.24504162415505,0.00247200678210168,0.0205987171608474,-1.61812002728004
"SNX12",2.63280939485384,11.3783797662657,3.24494326674889,0.0024726716591879,0.0205987171608474,-1.61836106122542
"ACOX1.2",3.11430197723481,12.3236541268242,3.24420828399563,0.00247764538952537,0.020605750822886,-1.62016208057218
"MLEC",-2.42692281914723,10.3159847596066,-3.24215194787787,0.00249161151991104,0.0206874234348687,-1.62519981268836
"GLRX5",-3.61373100101159,11.8709534387079,-3.24113067383796,0.00249857556616876,0.0207107841780433,-1.62770115198349
"EIF4EBP3",-2.5538898029977,10.8668661823624,-3.23970458707476,0.00250833100822435,0.0207395747679216,-1.63119326406538
"LSM8",-2.9374308763928,11.3652481662856,-3.23915404495996,0.00251210679054475,0.0207395747679216,-1.63254117617286
"GALC.1",-3.57089491316102,11.1379420188619,-3.23880294202567,0.00251451758208268,0.0207395747679216,-1.63340072982785
"DHX15.2",-2.27499186403876,9.97117817922106,-3.23746924633045,0.00252369525972382,0.0207599482118121,-1.63666536405608
"PHYHD1",4.23567178353866,12.0064656505956,3.23678718282582,0.00252840110819425,0.0207599482118121,-1.63833464664241
"FBP1B",-4.0302666869399,11.7055329180298,-3.23606537391771,0.00253339026635824,0.0207599482118121,-1.64010099599123
"EEF1DA.3",4.38811219117526,11.9826313679844,3.23593002969911,0.0025343268102696,0.0207599482118121,-1.64043217523903
"PSMA5",2.99796515651974,10.7806036130332,3.23542318903637,0.00253783693136807,0.0207599482118121,-1.64167231792037
"SI:CH211-93F2.1",3.19622141503429,11.807528407991,3.23483019584566,0.00254194957062468,0.0207599482118121,-1.64312312665768
"ABCB11.2",2.77296911946561,11.0848663896954,3.23095977766683,0.00256894852777043,0.0209314720863898,-1.65258891630135
"ARFGAP2.2",-3.24215136904558,10.9201803431716,-3.23061865157354,0.00257134116011161,0.0209314720863898,-1.65342290722008
"EIF2S3.1",2.93618885727533,11.2847028214124,3.22754316437463,0.00259300826918004,0.0210734711127173,-1.66093976473731
"SYVN1",-3.41783851453656,10.5231640380198,-3.22586036552279,0.00260493711459373,0.0211048749773591,-1.66505108872969
"HMGCS1.1",3.73039188868563,11.9558781224693,3.22580488870329,0.00260533125973011,0.0211048749773591,-1.66518660698874
"CU207276.4",-2.22031342483795,10.7054533553874,-3.22491176577105,0.00261168442265647,0.0211220506791828,-1.6673681459294
"G4P62_003525",-2.44277268567122,9.94975932589096,-3.2204118246088,0.00264391908664412,0.021304647491552,-1.6783547126922
"KRT5.6",4.65812007383619,12.9931574440963,3.22032386737685,0.00264455290765159,0.021304647491552,-1.67856937671185
"GSTZ1.2",-3.12232048075068,11.128968067592,-3.21851978841434,0.00265758502861163,0.021304647491552,-1.68297162045515
"chia.1.1",-3.44574827356007,10.5034234248931,-3.21845034597692,0.00265808787771228,0.021304647491552,-1.68314104447369
"PSMD6.2",2.66176620022481,11.1530434688881,3.2178934096463,0.00266212405742628,0.021304647491552,-1.68449977286443
"POLR2B",-2.52893091258196,10.1858004358608,-3.21764261614201,0.00266394348733866,0.021304647491552,-1.68511157898945
"ARSA.3",-2.56693623228406,9.58507119867293,-3.21754523084161,0.00266465030630539,0.021304647491552,-1.68534914165978
"GSTZ1.3",4.06545871957711,11.7212081513825,3.21702656438756,0.00266841777198797,0.021304647491552,-1.68661431604911
"AKT2L.2",2.65330403535037,10.8748351244795,3.21026330370682,0.00271801012314634,0.0216287560063342,-1.70310168137799
"AGMAT.1",-2.79584860337966,10.740312321818,-3.21012991089819,0.00271899699140156,0.0216287560063342,-1.70342667443553
"TRIP10.2",-2.24401025568372,10.4508449481155,-3.20972215246184,0.00272201578596752,0.0216287560063342,-1.70442007568126
"EZRA",-3.26405539027137,11.6859659166637,-3.20861214661884,0.00273024973262239,0.0216596918374972,-1.70712397871736
"GAR1.1",2.38078354942351,10.2724226066065,3.20695137953355,0.00274261338759396,0.0217232393715776,-1.71116854964763
"G4P62_010867",-2.54353683895251,9.73463036199285,-3.20597313725399,0.0027499208275187,0.021746600521899,-1.71355039083602
"SULT6B1.1",2.95438814387132,11.0015810159144,3.20453775353576,0.00276067658660248,0.0217731736613959,-1.71704457073261
"nedd8",2.64315394920733,10.359916239499,3.20436046908569,0.00276200780113499,0.0217731736613959,-1.71747607818483
"EPS15.3",-3.00624496407056,10.7586230096258,-3.20183363622671,0.00278104798537771,0.0218886899795501,-1.72362493185421
"CNBPA",3.6185791171138,11.2723283765087,3.20005345361701,0.0027945367914517,0.0219602182509354,-1.72795527904433
"TPM4A",-2.95819847207411,11.1639544770691,-3.19519424821628,0.00283167295179115,0.0222170566500595,-1.73976873721763
"LSS",-3.34697300585257,11.0906886207726,-3.19449270284197,0.00283707302039192,0.02222448096037,-1.7414734876965
"CAT.1",-4.07210139416275,12.0823193058891,-3.19147733570748,0.00286039500505926,0.0223720549768742,-1.74879847359692
"PSMB7",3.21263029617136,11.5166078215268,3.18947743215852,0.00287596327607758,0.0224578908524461,-1.75365458403424
"TMED9.2",2.93348529012543,11.3757734648068,3.18891311092837,0.00288037077065441,0.0224578908524461,-1.7550245510346
"ADD1",-2.17939284766141,10.4335866754375,-3.18650503387809,0.002899250631586,0.0225698294096945,-1.76086899142441
"HNRNPH3.1",2.56925379581386,11.067543734361,3.18563092591103,0.00290613284400113,0.0225881664977658,-1.76298986492325
"H2AFY2",2.47441960522305,10.6329922722906,3.18140846506759,0.00293959693692715,0.0228127351714875,-1.77323043647123
"UGP2A.1",4.58126039979208,12.4906878823404,3.17975611214537,0.00295279154312058,0.0228795493791486,-1.77723578852256
"map2k2a",-2.33980184974894,10.3625631995656,-3.17765558910445,0.00296964608030731,0.0229744712259434,-1.78232586246885
"LOC107385533",-3.41715171566075,12.1438476826933,-3.17532854928104,0.00298842474501096,0.0230612249837568,-1.78796267486208
"ASS1",3.65345524177226,10.9121389754424,3.17458973493828,0.0029944103272409,0.0230612249837568,-1.78975183569591
"VDAC3.2",3.58228045524009,11.5902321292772,3.17455103078659,0.0029947242063075,0.0230612249837568,-1.78984555784831
"PPT2.2",3.84678903653536,11.3515071114483,3.17376216113284,0.00300112850805776,0.0230749325966229,-1.79175566919845
"LDHD.1",-2.32203019518399,10.1860431675239,-3.16916386137031,0.00303871835129144,0.0232947570148994,-1.8028844331802
"SUCLG1",3.88547045919032,12.4707376791514,3.1686616534346,0.00304285070688495,0.0232947570148994,-1.80409933165905
"PRDX2.1",4.18611476547358,12.8302314619049,3.16855563320337,0.00304372376226742,0.0232947570148994,-1.80435579310921
"BDH2.1",3.87335855432469,12.1198469062284,3.167921421711,0.00304895133032296,0.0232990308396808,-1.80588984259108
"GLA",3.67232549318997,11.7968936869595,3.16725192374679,0.00305447898983922,0.0233055812833299,-1.80750905953324
"OSBP",2.23525604972925,10.4953105086866,3.16527362269554,0.00307086827015608,0.0233948590352349,-1.81229257943812
"WDR1.1",-2.14156435241865,9.85606275766588,-3.16407912695367,0.00308080443836118,0.0234347776637535,-1.81518006072161
"Nfu_g_1_012051.1",-3.08325875908123,11.8411109538413,-3.1606070819247,0.00310985931055815,0.0236071159357815,-1.82356967935955
"PYGL",-3.72217356634472,10.8583959248945,-3.1602428496634,0.00311292230175235,0.0236071159357815,-1.82444948959016
"LIG3.2",2.39506841954816,10.7656952920596,3.15876235718306,0.00312540188732052,0.0236323643820649,-1.82802506861037
"G4P62_018934",-3.02513923921337,9.93483687163076,-3.15820111738378,0.00313014515915091,0.0236323643820649,-1.82938029123617
"RPN1",3.63935972116017,11.6471011861026,3.15816395316238,0.00313045949028955,0.0236323643820649,-1.82947002674963
"AMBP.2",2.09581034190929,10.3130859899855,3.15580058155406,0.00315051021406202,0.0236482747116018,-1.83517534038069
"RRBP1A",-2.36523437507942,10.5723819247264,-3.15578620997395,0.00315063251338032,0.0236482747116018,-1.83521002692525
"LARP1B.2",2.33450992820885,10.9394364154127,3.15566090277973,0.00315169904363522,0.0236482747116018,-1.83551245853096
"ASCC2",2.305938635985,10.3406164975994,3.15539000445494,0.00315400591708265,0.0236482747116018,-1.83616625461782
"CLTC",-4.20901587737558,12.0505401035225,-3.15488755347342,0.00315828884820054,0.0236482747116018,-1.83737880579012
"SI:CH211-149L1.2.3",-2.03217332105257,9.48036921708523,-3.15456961234931,0.00316100185022814,0.0236482747116018,-1.83814602885675
"PRRC2C.1",-1.98553810422717,10.0048249653831,-3.15318616499656,0.0031728325901033,0.0236769778273862,-1.84148392151132
"PRPF8.1",2.0566415328513,10.4657122515323,3.15244550200316,0.00317918370790564,0.0236769778273862,-1.84327061026937
"chd5",-3.24311457126801,10.0434323175309,-3.15175285841525,0.00318513396477738,0.0236769778273862,-1.84494125100071
"OXCT1A.3",3.36058201724604,11.685734416436,3.15168619339363,0.00318570721696022,0.0236769778273862,-1.8451020347376
"EHHADH.3",2.64509541591719,12.2415301290902,3.15111308888897,0.00319063937477131,0.0236769778273862,-1.84648417890266
"METTL10.1",-2.48786635697,10.9154935570713,-3.15053874991496,0.00319558941605433,0.0236769778273862,-1.84786915962379
"NDUFS2",2.84369958097816,10.3959519728612,3.15007961512735,0.00319955178347065,0.0236769778273862,-1.84897623175995
"DDX5.4",2.92681579792433,10.6179264525577,3.14970391094538,0.00320279760190094,0.0236769778273862,-1.84988206792087
"HSD17B14.2",3.06190290935496,11.282719237415,3.14892403747565,0.00320954512097322,0.0236917605823319,-1.85176217821258
"GAPDH.1",2.87956156911382,10.9632486711252,3.14631828475997,0.00323218810222372,0.0238236611965973,-1.85804221302504
"SFXN1.1",2.33707662545581,10.6001875223184,3.14483274015599,0.00324516456637801,0.0238336609395074,-1.86162117318837
"G4P62_009327",-1.96053651161358,9.93763829948585,-3.14470478227636,0.00324628460440262,0.0238336609395074,-1.86192940393146
"RARS.3",2.32965779087611,11.1241834757535,3.1445233164459,0.00324787363504309,0.0238336609395074,-1.86236651503273
"nudc",-2.46065921694668,11.2503970861794,-3.14395357570493,0.00325286743900282,0.0238352548026785,-1.86373880298976
"PRPF40A.1",-2.37445733268916,10.560345456475,-3.14135427871746,0.00327574283850616,0.0239472886734617,-1.8699977524603
"HHIPL1.1",-2.30467650249743,9.78251096280522,-3.1411264471536,0.00327775514308103,0.0239472886734617,-1.87054621896804
"HNRNPL.1",3.00984060739895,11.2224736440798,3.1403056673021,0.00328501432996044,0.0239652361206178,-1.87252192500134
"G4P62_008564.1",3.44102522413765,11.3739654217737,3.13713025241836,0.00331324218968626,0.0241358810606342,-1.88016276854544
"ABHD4",-2.16408835420409,10.210348986381,-3.13369126427975,0.00334407215265715,0.024324956329095,-1.88843294562046
"SKP1.1",-2.82847581087942,11.4564038650419,-3.13112100887775,0.00336729125651053,0.0244581999563137,-1.89461064368288
"DDX23.1",2.59679960816159,10.7287068823753,3.13037418180435,0.00337406649351319,0.0244717904108006,-1.89640513441607
"NARS.2",2.88945065536309,11.0462079821462,3.12939249887798,0.00338299198587671,0.0245009143824743,-1.89876357530477
"NDUFA12.2",3.30407751857308,10.9029328920701,3.12716832835336,0.0034032969858208,0.0246122492162982,-1.90410548694249
"ATP5H.1",-3.65249785591022,11.1278581829531,-3.12504770399267,0.00342276409090957,0.0247172110182905,-1.90919671495745
"G4P62_009333",-2.76868742021175,10.7184934680664,-3.12351279106436,0.00343692013708525,0.0247530315522141,-1.91288054398607
"LDHB.2",4.44820529996001,12.5927885017693,3.12331644271771,0.00343873499256392,0.0247530315522141,-1.91335171128884
"RPRD1B.1",2.32585051472031,10.4387502933372,3.12288860379431,0.00344269266677133,0.0247530315522141,-1.91437831711007
"RPL13A",2.73366756849062,12.894799097308,3.12126795924168,0.00345772338255819,0.0247530315522141,-1.91826635839782
"CABZ01043370.1",-2.33935178240528,10.4079512611037,-3.12044442463735,0.00346538505816595,0.0247530315522141,-1.92024164002698
"CABZ01038928.1.3",-2.90151563435058,10.8308408322691,-3.12044098094296,0.00346541712995685,0.0247530315522141,-1.92024989925205
"RPN2.1",3.1229360176043,11.2396261994316,3.11987050961613,0.00347073391914479,0.0247530315522141,-1.92161802486988
"RPAP3.1",2.03085230703917,10.381469689331,3.11981920973393,0.00347121241187196,0.0247530315522141,-1.92174104724139
"EIF3C.1",3.37449595469126,12.2052530049355,3.11969522124044,0.00347236915562121,0.0247530315522141,-1.92203837963167
"SURF4",-2.84165403586288,10.3392190301146,-3.1190982443914,0.00347794372651891,0.0247574025610975,-1.92346987515406
"LOC107379121",2.60191513677877,10.7725797272543,3.11783566133293,0.00348976164052167,0.0247887936738963,-1.92649692341803
"Nfu_g_1_006350",1.99081375993377,9.37463558540028,3.11756617603049,0.0034922889684868,0.0247887936738963,-1.92714292591968
"EEF2.1",4.20921117555858,12.498764993145,3.11597950460883,0.00350720448701715,0.0248467883164568,-1.93094580959725
"MARS.3",2.59615301032664,10.652255414905,3.11563849740061,0.00351041798859761,0.0248467883164568,-1.93176298195738
"RPL28",-3.29688074822494,10.4086401771385,-3.11488400891652,0.00351753785963356,0.0248619177331041,-1.93357082010401
"MAO.1",2.91802134990763,11.1838655112879,3.11322461210237,0.00353324516843954,0.0249376144137387,-1.93754604750656
"DDR2B.1",-3.05482628929403,10.6409558420845,-3.11214649569707,0.00354348580558027,0.024974568036505,-1.94012812527364
"Nfu_g_1_007614",-2.71497321353127,10.702596803815,-3.11002290873442,0.00356373917307768,0.0250818878330855,-1.94521261278023
"CISD1",-2.65926524512362,10.5772150371176,-3.10804979598506,0.00358265552046335,0.0251795085170593,-1.94993505805855
"OSBP.3",-2.68785752891794,10.2609747788974,-3.10674065016821,0.00359525874965655,0.0251982749196692,-1.95306742771815
"CYP46A1.1",2.35028931010213,10.2359346070879,3.10665162108328,0.00359611735941885,0.0251982749196692,-1.95328041881707
"ACLYA",-3.31229386454083,11.5118170307389,-3.10620009269864,0.00360047495345173,0.0251982749196692,-1.95436059142001
"RPS4X.1",-3.83890846106177,11.7344294538743,-3.10469399069118,0.00361504612910288,0.0252648181851868,-1.95796293218821
"PRDX1.1",-3.92742159572765,11.6837241228477,-3.10248060622774,0.00363656133493393,0.0253796378480005,-1.96325517173884
"NPLOC4.1",-2.38998200257184,10.1359245050232,-3.10186137621079,0.00364260220470488,0.0253862919015047,-1.96473537713053
"USP5.1",-3.01806506298971,12.1197137979036,-3.10103125778646,0.00365071527501758,0.0253919739581911,-1.96671942590188
"PRPF3.1",-2.67088388740614,10.6322844550197,-3.10073706342519,0.00365359464969564,0.0253919739581911,-1.96742250123789
"UQCRB.2",-2.89360825457794,11.4741822860121,-3.10012302251581,0.00365961138535545,0.0253977620135039,-1.96888983409594
"SNX7.1",-2.69405562051116,10.3272462452078,-3.09961392323322,0.00366460694383222,0.0253977620135039,-1.97010626953149
"SMC1A.2",2.24572134620746,10.6997449544173,3.09827417136039,0.00367778414540103,0.0254171896463229,-1.97330691248309
"PLD3.1",-2.78519241906577,9.97862514633639,-3.09810569398403,0.00367944438126536,0.0254171896463229,-1.97370934612281
"GCAT.3",2.72930684142521,10.9745081711038,3.09727767214418,0.00368761430689504,0.0254171896463229,-1.97568702011131
"RPL36A",3.12204203264739,11.9827295481568,3.09726042835823,0.00368778463004765,0.0254171896463229,-1.9757282025238
"ACSL4A",-2.85351737650746,10.3991837951242,-3.096650573821,0.00369381317065924,0.0254236244435719,-1.97718460153173
"FP102272.1",-2.67820604137324,10.5690115850241,-3.0944605976735,0.0037155384367613,0.0255373906496168,-1.98241315558888
"HRSP12.2",-3.22598147775686,11.2208997468787,-3.09395434809775,0.00372057775596622,0.0255373906496168,-1.9836215231078
"ZCCHC8.2",-2.01213099360936,9.89922175179066,-3.09099444443913,0.00375017084278135,0.0256744877445807,-1.99068426156083
"DNAJB1B",-1.60468525667523,11.5985457006932,-3.0909275718666,0.00375084199715417,0.0256744877445807,-1.99084378416896
"ADKA.2",-2.28255024507274,10.501492237785,-3.08718683209138,0.00378856656372783,0.0258961549987551,-1.99976407138586
"SNX2.1",-2.26049222985514,10.4133451363631,-3.086689884654,0.00379360507095992,0.0258961549987551,-2.00094864339292
"RAD23AA.2",-2.7690528279605,10.8437360594641,-3.08555357962409,0.00380514977325095,0.025939477279402,-2.00365684013704
"BCAP31",-1.86191059522444,10.1788690746303,-3.08161261020241,0.00384544723622628,0.0261784197936823,-2.01304507090136
"FAM21C",-2.37655331121175,10.2120687445014,-3.08052564954046,0.00385663243829828,0.0262137048948506,-2.01563323374925
"UAP1L1.1",-2.67930075834553,10.7950000266343,-3.08008875455222,0.0038611368933297,0.0262137048948506,-2.01667337724175
"CMPK.2",3.11588059829876,11.1594695933448,3.07661257590403,0.00389715433857263,0.02642228281179,-2.02494631917195
"COX2.2",-2.41855235517151,10.2598435437034,-3.07279590188445,0.00393706514015037,0.026635591432986,-2.03402342428518
"PWP1.1",2.10990036051002,9.95024506722711,3.07195972240958,0.0039458604330545,0.026635591432986,-2.03601122496706
"EXOSC10",-2.69523749976668,10.4725713295759,-3.07190023749103,0.00394648682727371,0.026635591432986,-2.03615262313707
"BCKDHA.1",-3.04679324927232,11.6401121188826,-3.07156986425087,0.00394996746701595,0.026635591432986,-2.03693790564831
"RBM19",-2.27281505294189,10.1928445247336,-3.06954294272664,0.00397138558531341,0.0267320238401977,-2.04175474406765
"Nfu_g_1_022701",-3.24983221019093,12.4720918407724,-3.06920357700841,0.00397498230249032,0.0267320238401977,-2.04256104425469
"YWHAE2",1.99486146535655,13.6454911064365,3.06806926981089,0.00398702642275831,0.0267769338486729,-2.04525567602357
"DHDH.2",2.74768800197128,10.9277884199312,3.06710219972293,0.00399732201542374,0.0268099957754898,-2.04755257029187
"MYH13.1",-2.96238280153943,10.9865747023475,-3.06651700105504,0.00400356432501228,0.0268158201098138,-2.04894227665917
"ACAT2.2",3.38584977496032,11.2735378154546,3.06008946972203,0.00407273512672389,0.0272117894873106,-2.06419604949788
"CBX3A.2",-3.09822752293844,10.9854946661584,-3.06001081494198,0.00407358852645712,0.0272117894873106,-2.06438259799371
"ANP32E",-2.40171327241009,11.2917860753179,-3.05733094977101,0.00410276594545779,0.0273700562404203,-2.07073687841678
"CLTA",4.68503666210761,11.8778497528084,3.05606855101524,0.00411657872711324,0.0274203870574945,-2.07372906072841
"ACOX1.1",-2.96646208882706,11.2188828446111,-3.05563791361113,0.00412130065994406,0.0274203870574945,-2.07474960917177
"PDS5B",2.4398527980592,10.6085490201418,3.05184471858935,0.00416311433222663,0.0276617050836363,-2.08373533468981
"TTC38",2.5018600237287,10.2720124428813,3.0493418664288,0.00419092295198783,0.0278094488436426,-2.08966081453529
"CABZ01073085.1.1",-3.29416031987115,11.297557313204,-3.04814405183503,0.00420429351066617,0.0278611216709484,-2.09249563161605
"DYNC1I2A.1",2.91921831441977,11.0519171611958,3.04748311693799,0.00421168838762029,0.0278731101514924,-2.09405956141176
"PACSIN2.1",-2.23612834272441,10.6517259665118,-3.04683340944364,0.00421896960353466,0.0278843156577986,-2.09559673251856
"GCSH.2",3.84186808104754,11.8703010710221,3.04544264631867,0.00423459569633819,0.027918951376934,-2.09888655917738
"SLC25A1.1",2.72166539822068,11.2335833849561,3.04531806558063,0.0042359980995347,0.027918951376934,-2.09918121021104
"DPYDB.1",-3.35966617199763,11.6498653902661,-3.04487448651616,0.00424099501878075,0.027918951376934,-2.10023028043788
"FAM192A",2.40184402110066,10.3147309448293,3.04326977361707,0.00425911858779425,0.0279955911188214,-2.10402470503084
"SRP19",-2.51592604857619,13.2466194846909,-3.04285123309332,0.00426385756519124,0.0279955911188214,-2.10501417392092
"GAPDHS",2.48049100251305,11.3232585137766,3.03717748288223,0.00432859188415531,0.0283832766122668,-2.11841963063265
"rpl3",-3.61481564029887,11.7531950019276,-3.03534487274572,0.00434969816773611,0.0284842439068283,-2.12274645084633
"ETFDH.2",2.63386838176715,11.2489027766754,3.03420059475121,0.00436292605107047,0.028533422011588,-2.12544733574676
"LINC00493",-2.83330046857395,10.899745038236,-3.03118372704353,0.00439798313806165,0.0287250469357691,-2.1325653179795
"A0A8C6M065",2.99160857036912,11.0682248562156,3.03007537300258,0.0044109291722666,0.0287719432282488,-2.1351793236172
"ATP6V1A",-2.30975300413926,11.4264881303127,-3.02923718104621,0.00442074344438544,0.0287983156494561,-2.13715579236493
"MRPS26",-2.03961111595238,9.99074047491418,-3.02520078258228,0.0044682939203133,0.0290701260265494,-2.14666919770944
"OGDHB",-2.83850293205887,11.161655006017,-3.02223300787201,0.00450356255889112,0.0292425159691086,-2.15365921902915
"ube2d4.1",-2.88830584857826,10.633061364006,-3.02175956890274,0.0045092130441693,0.0292425159691086,-2.15477394128588
"OLA.5251.2",-3.1177321870567,11.212388461677,-3.02149511497311,0.00451237220365002,0.0292425159691086,-2.15539655917965
"LUM",-3.24614614401853,12.1741936064995,-3.02056384991233,0.00452351367902554,0.0292766968331225,-2.15758883135817
"NME4",4.02315746744118,12.0316106752383,3.01755902265613,0.00455963982204094,0.0294064589783074,-2.16465972932141
"ATP5J.1",3.64651220211576,11.5831256626661,3.01754144095115,0.00455985199916072,0.0294064589783074,-2.16470109006835
"RIC8B",-3.0507737646012,10.6937032477437,-3.01742625218438,0.004561242334511,0.0294064589783074,-2.16497206673801
"OLA.3887.1",-1.88624232887491,9.51832346595569,-3.0166832320827,0.00457022023141843,0.0294263212319715,-2.16671984385897
"WARS.2",-2.77438147766615,10.5295494525923,-3.01455034653249,0.00459608439769785,0.0295438218746449,-2.17173554162283
"SULT6B1",-2.40896752441411,10.7833554353232,-3.01420291304653,0.00460031054040063,0.0295438218746449,-2.17255236931471
"LOC107382284",-2.95032652945505,11.1601031661581,-3.01144637510912,0.00463397070218994,0.0296839626753664,-2.17903111842667
"SLC25A1",-3.21923675439712,10.987615263442,-3.01144158108134,0.0046340294437095,0.0296839626753664,-2.17904238289177
"CYP51",-2.88031717210908,11.2715407389579,-3.00901478852632,0.00466385526594598,0.0298367150988083,-2.1847432300023
"MAN2C1.2",1.98073705351299,10.1413257143906,3.00839446599154,0.0046715081229324,0.0298474078533069,-2.18620001265688
"MYH10.2",-2.90011183261572,11.5354566597797,-3.00753740064172,0.00468210110638556,0.0298714695269941,-2.18821247739488
"FP102272.1.1",-2.04260709049185,9.98334971798015,-3.00712174188615,0.00468724662116961,0.0298714695269941,-2.18918835892177
"PLIN5.4",2.61934979761361,10.7360546323106,3.00622105051133,0.00469841471466687,0.0298789440559799,-2.19130272462079
"PHB2.2",-2.9723986916638,10.5302976493758,-3.00606155308632,0.00470039500680245,0.0298789440559799,-2.19167710459228
"ACOX3.4",3.07751839506272,11.7772752300003,3.00316362342086,0.00473651231057677,0.0300702244653665,-2.19847722172319
"TXNL1",1.72494116431781,12.8378554376573,3.00101833088385,0.00476341748852492,0.0302026089806091,-2.20350874792933
"RAB8A.1",-2.54426469410133,10.0700398915656,-2.99860316862096,0.00479387933648635,0.0303117300324107,-2.20917067757036
"BASP1",2.51587064002513,10.5680233554176,2.99839998445064,0.00479645039134013,0.0303117300324107,-2.20964688470673
"CPPED1.2",2.55636485134286,10.7666716017645,2.9982103590028,0.00479885104721533,0.0303117300324107,-2.21009129674767
"mrps31",-2.23289321737088,10.0531074276981,-2.99751568044783,0.00480765533134003,0.0303289508260262,-2.21171922473089
"TPRXL",-2.65950927544703,10.4745370658271,-2.99487603846679,0.00484124868329151,0.0305023117798291,-2.2179029942993
"S100A10A",-2.95690684102558,11.0770236415673,-2.99357821146059,0.00485784632679214,0.0305682889920464,-2.2209421712465
"HADH.1",-2.68794755563126,11.3796419927109,-2.99162715294879,0.00488289878083197,0.0306872354110221,-2.22550957876683
"PRDX5",4.75986493645502,12.2808560859253,2.99077585520435,0.0048938678626828,0.0307041877677971,-2.22750190439877
"SIRT5.2",-2.66465324291623,10.5007291235274,-2.99046318332763,0.00489790249762856,0.0307041877677971,-2.22823357822554
"RPS20.2",3.78181997616519,11.7044187608459,2.98850107966242,0.00492329247456622,0.0308246291694924,-2.2328239999841
"ADPRH.2",2.47657494894943,10.927715066156,2.98720368699856,0.00494014890899458,0.0308914073381992,-2.23585832045281
"MTHFD1A.1",3.43865824764269,12.2305417206411,2.97997520023152,0.00503506335942831,0.0314370370921683,-2.25274983829872
"ACO2.1",3.19569397220896,11.5619750907402,2.97960230245534,0.00504000594664021,0.0314370370921683,-2.25362056442801
"MRPL55.1",-2.23365898612926,9.96435123711741,-2.97912223698547,0.0050463757085355,0.0314374716424371,-2.25474143434355
"C4H22ORF28.2",2.49499944492941,10.9748292546776,2.97573106867712,0.00509158754568532,0.0316546381591244,-2.2626561591303
"A1CF.1",3.64006699928737,11.6572215670069,2.97555668485725,0.00509392273382303,0.0316546381591244,-2.26306301212063
"PRPF8",-2.68487669062069,10.132616561305,-2.97507194301325,0.00510041924173214,0.0316555870848798,-2.26419388328465
"HNRNPK.2",2.87494535749218,11.9804279486581,2.96981354615151,0.0051713944857216,0.0320562217189451,-2.27645430826402
"PDCL3.2",1.97614203796347,10.1421642673522,2.96860330899978,0.00518786054617162,0.032118392215132,-2.27927424942141
"LOC107387951",-2.76211389347272,10.2296928576858,-2.96656182688472,0.00521574792479703,0.0322423380304355,-2.28402949347972
"DENR",2.29075465352601,12.5919578227428,2.96576584403708,0.00522665945346589,0.0322423380304355,-2.28588305334736
"UPB1.1",-3.27937980719453,11.0749684325797,-2.96572172878853,0.0052272648229704,0.0322423380304355,-2.28598577329873
"VTI1B",-1.78333764057539,10.905524350196,-2.96385092103423,0.00525299761266932,0.0323610593669381,-2.29034100462426
"NOP2",-2.27312839918037,9.98761891728292,-2.96336985789302,0.00525963380156887,0.0323619884954731,-2.29146065107262
"SNX3.2",2.8565052433835,11.1830583011888,2.96106749799741,0.005291503673872,0.0325179843997799,-2.29681775068891
"MANF.3",3.4789140751099,12.5441985523117,2.95755597403169,0.00534046060410642,0.0327784728345523,-2.30498350450263
"RCN3",3.43308011528793,11.3697829007564,2.9565993251701,0.00535387154857717,0.0328204164955775,-2.30720710230982
"SUOX",-2.88110401808266,12.4565328473296,-2.9543695855641,0.00538525239364704,0.0329722815267469,-2.31238814475197
"LOC107382751",-2.44951566224651,10.2871800912858,-2.95206244778609,0.00541790427732064,0.0330998821996612,-2.31774655511175
"SPTBN1.3",-1.92713176552166,10.334120897306,-2.95195992996841,0.00541935947036538,0.0330998821996612,-2.31798459796506
"prdx6",-3.25733726225323,11.5391751046921,-2.95065901456041,0.0054378572650295,0.0331722588661335,-2.32100484654877
"RABL3",-1.82026395679156,10.0879776199939,-2.94954657242486,0.00545372214603828,0.0332284169825776,-2.32358689329372
"SPCS2",-2.44082454878293,10.7574145866025,-2.94569358060464,0.00550900735320143,0.0335003081617743,-2.33252538768683
"ARHGAP35.2",2.2716495511408,10.3981071912077,2.94550170936203,0.00551177414846027,0.0335003081617743,-2.33297032252156
"RARS.1",-2.52981096125439,10.8774593506713,-2.94312120570074,0.00554620980114675,0.0335835627884503,-2.33848907466492
"OLA.16268.1",3.1221387751347,11.5929396079534,2.94260931402023,0.00555364100161418,0.0335835627884503,-2.33967544772768
"Nfu_g_1_023491.1",3.44221801928165,12.9537286825747,2.94260174006285,0.00555375102388928,0.0335835627884503,-2.33969300038645
"EZRB",-2.42488415649453,10.6424911780142,-2.94213386769754,0.00556055148856827,0.0335835627884503,-2.34077724245143
"SDSL.1",2.22067867702783,10.3762090493403,2.94211843625851,0.00556077591560931,0.0335835627884503,-2.34081300131735
"ACOX3.2",-2.67946282096992,11.0170951284553,-2.94176949632595,0.00556585299119207,0.0335835627884503,-2.34162156035083
"PYGMB",-2.83936616684761,10.9902697432214,-2.94036190816814,0.00558637759406345,0.0336666958869283,-2.34488261669923
"TCP1.3",2.79402922947008,11.3845214209175,2.93830020322573,0.00561656835758164,0.0337923106470446,-2.34965740695403
"acta2",4.15818649643347,12.7185649706799,2.93801443449135,0.00562076509760461,0.0337923106470446,-2.35031907106829
"ATP5J",-2.73082641473014,10.9946433628722,-2.93617319200334,0.00564787582539444,0.0339144408769173,-2.3545813189688
"RPN1.2",2.94992641399148,11.5168633376593,2.93483828634496,0.00566760783103876,0.0339920229289464,-2.3576704482584
"APPL1",-2.32742130377338,10.3564965827748,-2.93399535758051,0.00568010093433845,0.0340008053588183,-2.35962064660858
"G4P62_002681",-2.16329112413802,10.0168190940485,-2.93382023117019,0.00568269973331752,0.0340008053588183,-2.36002577614426
"PGM2",-2.06151467944269,10.4447275594032,-2.93333451443787,0.00568991339373741,0.0340031950116763,-2.36114933462622
"PITHD1.2",2.49726779799041,10.7100182871459,2.9327992403924,0.00569787300645072,0.0340100314619487,-2.36238739833553
"WARS.1",2.4788205528587,10.6846395953381,2.93134160740896,0.00571960122284475,0.0340989368004723,-2.36575814043732
"PSMD14",-1.87086126017838,9.66408111673356,-2.93079899859885,0.00572770945512883,0.034106527662402,-2.36701265100646
"HNRNPUL1.1",-2.89434609243433,11.8245625161871,-2.92761408676953,0.00577551950930066,0.034350229262706,-2.37437331944993
"RAN",-2.76633347529712,11.1861266699069,-2.92184734532348,0.00586304003999417,0.034829249761394,-2.38768849293668
"CABZ01066326.1.1",1.55815173555559,9.67071822960194,2.92065607121659,0.00588127400645735,0.0348960253177434,-2.39043710617573
"SPG20B",-1.85145339703067,9.69117167082874,-2.91874123000257,0.00591069451579152,0.0350036845365923,-2.39485376710836
"MAN2B1.2",-2.20277996007559,10.3229803981593,-2.91856246914974,0.00591344810908763,0.0350036845365923,-2.39526599639236
"PRDX5.2",-2.07185333535026,10.2345969887719,-2.9149810858659,0.00596886892961166,0.0352898767283912,-2.40352155798572
"TAF15.1",-3.44457779763537,11.3978707642912,-2.91351129379471,0.00599175407657468,0.0353832578013109,-2.40690783309426
"PDLIM1.1",-2.28091957856119,10.2696772995541,-2.91278756082876,0.00600305302252448,0.0354080787025971,-2.40857486881359
"UQCRH.1",-3.10201028015686,11.1511839794864,-2.91066110760976,0.00603636689808937,0.0355625393405737,-2.41347144590124
"CIRBP.2",-2.19795556566186,10.1024123987158,-2.90854003275152,0.00606976899994584,0.0357171548463794,-2.418353460926
"CABZ01085054.1.2",2.38719455696204,10.8578779356758,2.90715111877659,0.00609173495876904,0.0358041901581361,-2.42154910370653
"UBQLN4",-2.06598517438312,10.2057832154154,-2.90621293738541,0.0061066146011656,0.035849419835078,-2.42370716287183
"QARS.2",2.64205736172624,11.2745453421252,2.90395896121219,0.00614250212224095,0.0360177268977466,-2.42889014632513
"CCDC53.1",-2.17899014786985,10.0661897403096,-2.9018842028688,0.00617571065831282,0.0361302741375306,-2.43365884350889
"atp2a3",-2.39275436013599,10.6931824136334,-2.90185513424534,0.00617617712210694,0.0361302741375306,-2.43372564101143
"NR3C1.1",-1.71143428769156,9.04623998498088,-2.8991913818991,0.00621906262934844,0.0362996083404393,-2.43984500099461
"PPCS.1",2.64882443114031,10.7705197190927,2.89915363310243,0.00621967237095703,0.0362996083404393,-2.43993169542104
"ANXA13.2",-2.17427298745981,10.2036325117168,-2.89674254394179,0.00625873392004859,0.0364849091834608,-2.445467601659
"TM7SF2",2.26219886191845,10.2237615442157,2.89607990403721,0.0062695093744212,0.0365050779210756,-2.44698853990632
"CFL1.3",-2.41511899440967,10.5072711887279,-2.89505213857546,0.00628625664594607,0.0365599308429731,-2.44934711738049
"GBE1.1",-3.62715813738149,11.8948824589427,-2.8927924641682,0.00632322503386795,0.0367321221408627,-2.4545309434468
"ATPIF1B",-2.14361760569308,10.4219363385102,-2.89124581487012,0.00634864549265208,0.0368369081492255,-2.4580776127887
"STIP1",-3.0123513908335,11.8501193831687,-2.89019971427786,0.00636589320847087,0.0368940849132052,-2.46047579667871
"ahcyl2b",3.35902879674203,11.2783422308612,2.88874666603755,0.00638992329266697,0.0369506634541777,-2.46380602082364
"G4P62_017895",-2.01370605147192,10.1203655073673,-2.88871394237365,0.00639046544307723,0.0369506634541777,-2.46388100792854
"ctnnd1",-2.4740676629718,10.2902360957386,-2.88422833506188,0.00646518957204775,0.0373394629218961,-2.47415493578976
"METAP2",2.0396168132998,10.4628471249619,2.88237396956961,0.00649631896032422,0.0374653183631588,-2.47839933568486
"AFDN",-2.76220874877436,10.3942389856977,-2.88167562021427,0.0065080785115089,0.0374653183631588,-2.47999732917133
"GSTZ1.4",-2.37897669648548,10.4664837470295,-2.88127400792054,0.00651485030299465,0.0374653183631588,-2.48091620766859
"AMDHD1.5",-2.92297346373429,12.2281114261959,-2.881145810416,0.00651701329443324,0.0374653183631588,-2.48120950357672
"UAP1L1.2",2.31088430336237,10.7195316789464,2.8800804996852,0.00653501357726779,0.0375255670317218,-2.48364645666088
"RPL24",-3.06988398382917,10.7910877087199,-2.87929129019399,0.00654837862282556,0.0375255788552839,-2.48545145490424
"TXNDC2.2",3.74500383949847,11.6339249848239,2.87907131669779,0.00655210836681247,0.0375255788552839,-2.48595450103296
"CU914772.1.1",2.3964113028261,11.2677173522463,2.87874905109772,0.00655757610457065,0.0375255788552839,-2.48669143084529
"AP3B1",-1.86244963356088,9.72291112219962,-2.87774070102533,0.0065747119124939,0.037580541172216,-2.48899691138111
"ATP5H.3",-3.35192414307395,11.7133536233149,-2.87689954474651,0.00658903847279983,0.0376193386490516,-2.49091973976526
"GLA.4",2.58689340482261,10.7288092419658,2.87529507543104,0.00661644675667582,0.0377326506466427,-2.49458648767124
"GPI.5",2.91070501296296,11.4658339314224,2.87433825379958,0.00663284233199543,0.0377699098109963,-2.49677254187407
"PPM1BB",2.55187874804482,10.9351912466618,2.87403081952017,0.00663811841768411,0.0377699098109963,-2.49747484258744
"A0A8C6KJP4",-2.52410463484768,11.4786951140665,-2.86804614664542,0.00674161033932848,0.0382781954858238,-2.51113691317721
"MYCBP",-2.34711057419521,10.6359003779126,-2.86797829129449,0.00674279235111004,0.0382781954858238,-2.51129171505985
"BAIAP2A",-2.10883588316874,10.1961642122636,-2.8626406902029,0.00683638039854608,0.038765384305392,-2.5234615310815
"CABZ01039235.1",1.77576682736977,10.0750370890628,2.85964188951352,0.0068894917143239,0.039022206191233,-2.53029266162237
"SEC13.1",2.38806620381919,10.0542241433034,2.85802537338323,0.00691828126499803,0.0391408429845126,-2.53397316304254
"AP1G1",-2.25946224474441,9.77385421001056,-2.84904978503457,0.00708018807769159,0.0399802325778201,-2.55438527631622
"Nfu_g_1_021050.2",2.59046589267597,14.0664001092746,2.84891366756291,0.00708267046067995,0.0399802325778201,-2.55469452363966
"ANK3B",-2.27122107427527,10.0670685272407,-2.84738633007434,0.00711058038632211,0.0400589087200875,-2.55816387161557
"RRBP1A.4",3.89146937106877,12.4701091999232,2.84727253400628,0.00711266395310572,0.0400589087200875,-2.5584223129099
"AKAP8L.1",2.40964755871881,10.731741092476,2.84110715087784,0.00722640580145209,0.0406536245200067,-2.57241480324469
"ANXA13.1",2.4680397166759,11.3111862720067,2.8391712589935,0.00726246880008838,0.0408104947212174,-2.57680443971121
"Nfu_g_1_016592.2",2.0933652831184,12.7133900147689,2.83661793625255,0.00731029056268642,0.041033014519466,-2.58259123248514
"PSMA5.1",-1.92051682263428,10.0088294668546,-2.8358194838306,0.00732530516523539,0.0410710930050838,-2.58440015660986
"AP3M1.1",-2.23513542932025,9.6662415636688,-2.83321630269085,0.00737445709043431,0.0413002703493459,-2.59029554169061
"DDX5.3",-2.08421607247467,9.34161239575025,-2.83210766055669,0.00739548317757728,0.0413639566499602,-2.59280523434549
"DECR2",-2.04227627122752,10.1671971759656,-2.83106331104094,0.0074153410573318,0.0413639566499602,-2.59516881978213
"RPS27.2",2.25130052309849,10.6785081244668,2.83103494343569,0.00741588114900405,0.0413639566499602,-2.59523301407266
"GDI1.1",-2.77639947532166,10.5751352825922,-2.83087189142155,0.00741898621276841,0.0413639566499602,-2.59560198374209
"AKR7A3.1",3.04772874477038,11.6788027876306,2.82996149261365,0.00743634559688721,0.0414144693398071,-2.59766187555034
"STAT1A",-2.28825903232147,10.1656204154172,-2.82924284162077,0.00745007550466087,0.0414446786714133,-2.59928761955808
"RBM8A.1",3.12267452333292,11.8433419204933,2.8282181656505,0.00746969294855161,0.0415075365403926,-2.60160520908971
"IDH2.2",-2.55529555087476,10.7602327283382,-2.82765943191472,0.00748041020527367,0.0415142859311205,-2.60286871820185
"CISD2",2.22892136625417,9.87400785819999,2.8272877989048,0.00748754656072313,0.0415142859311205,-2.60370903453699
"AGXTB.2",-3.45422681402014,11.4381762575752,-2.82183895483872,0.00759291069122631,0.0420445735115098,-2.6160216759563
"UBXN1",-1.98643295673816,9.88397340160272,-2.8214727594761,0.0076000411437639,0.0420445735115098,-2.616848623239
"TAF15.2",3.05957553190142,11.3917481356725,2.81487975239344,0.00772949104600448,0.0426692914490055,-2.63172544949455
"OLA.18724.1",3.00253888341982,11.479517029715,2.81485059710832,0.00773006803004028,0.0426692914490055,-2.63179118826614
"OGDHB.1",2.36667580699222,10.9292051843474,2.81054712948882,0.00781567537124701,0.0430464685430576,-2.6414898399935
"AIDA.2",2.02956196377899,10.3894065467191,2.81046865612897,0.00781724458332278,0.0430464685430576,-2.64166660689275
"RPL27",2.93217456978585,16.2692541200557,2.80984054906712,0.00782981526455215,0.0430464685430576,-2.64308135071939
"MRPL44.2",1.75056754895359,9.83801173696978,2.80961129628236,0.00783440812692414,0.0430464685430576,-2.64359766816575
"CT027762.3",1.80943198131362,14.4291942458573,2.80836346350082,0.00785945131812048,0.0430464685430576,-2.6464075383951
"BTF3L4",-2.34269617374179,11.7761060092018,-2.80836011904977,0.0078595185391725,0.0430464685430576,-2.64641506836853
"FTR82.1",2.12628451726632,10.5747393318043,2.80827719586994,0.00786118540651647,0.0430464685430576,-2.64660176665026
"AKR1A1A",2.59274425903555,11.8576157667615,2.80796764605066,0.00786741068362095,0.0430464685430576,-2.64729867505283
"RPL28.1",3.13914729430059,11.1802772521124,2.80729482312218,0.00788095749578914,0.0430733602453317,-2.64881327448641
"EIF5B.2",-2.18616388188815,9.8505217807537,-2.80364283993381,0.00795486741479507,0.0433649528354053,-2.6570302809949
"NPR2",-1.92288397584406,9.49648060708478,-2.80334485528239,0.00796092651652967,0.0433649528354053,-2.65770045065935
"acmsd",3.1470960934308,11.4411457132693,2.80299861046338,0.00796797232007124,0.0433649528354053,-2.65847910101242
"ANXA3B.1",-2.07724154922057,10.2457721880628,-2.80294466984389,0.00796907049099533,0.0433649528354053,-2.65860039951944
"CTSBA.1",2.8079115100784,11.1038723077029,2.80187999409642,0.00799077497244707,0.043435694022343,-2.66099427673362
"GSTZ1",2.85940710486864,11.2933145458036,2.7990305233176,0.0080491354143558,0.0437053163412791,-2.66739834622957
"MRPS14",1.77953063914486,11.8548042059251,2.79855940428987,0.00805882262288723,0.0437103531393557,-2.66845676816314
"RAB14L",2.04035959188862,11.9329991052778,2.79756455649045,0.00807931448202773,0.0437456549213289,-2.67069143362336
"CABZ01073334.1.4",-2.62874498240814,10.6824178641178,-2.79739244761302,0.00808286449648603,0.0437456549213289,-2.6710779799563
"ACP2.2",2.85814323463147,11.2623729188996,2.79660552761757,0.00809911445812797,0.0437470930085822,-2.67284516293507
"OLA.26734",-2.67237109265615,11.094274965256,-2.79653056072625,0.00810066411621843,0.0437470930085822,-2.67301349927457
"FH.2",-3.03843484688515,11.3811531256193,-2.79606817420556,0.00811022831932366,0.0437513938523514,-2.67405171355619
"Nfu_g_1_010632.2",3.5140289098351,12.0509876966188,2.79453051940606,0.00814210949561212,0.0438258537194897,-2.67750348347548
"AGXTB.3",3.42072940796767,11.9595955510018,2.79423468089339,0.00814825666999935,0.0438258537194897,-2.67816745130632
"SSR1.3",-2.42226575990959,10.7087659398737,-2.79413257998181,0.0081503792087548,0.0438258537194897,-2.67839659202005
"MYL6.2",3.30364915062639,12.3343057296612,2.79358537330501,0.00816176366287659,0.04383982850135,-2.67962457374012
"LOC107385533.1",2.89737313179072,11.8791701870903,2.79096933075835,0.0082163943743782,0.0440858149765024,-2.68549309502851
"Nfu_g_1_006847",-2.63121122349452,10.3305986056703,-2.79020903539672,0.00823233530331108,0.0441239024312807,-2.68719799487954
"LOC107390538",2.37582802751563,10.9546315376904,2.78971700692922,0.00824266688047802,0.044131875250628,-2.68830117045127
"HP1BP3",-2.23024681424612,10.8203923636547,-2.78859023886067,0.00826637214504419,0.0442113579890359,-2.69082702644975
"AMT.1",2.73798729912388,11.4768596609601,2.78766175202606,0.0082859535727238,0.0442686384666936,-2.69290790977954
"Nfu_g_1_011311",-2.7937159564837,11.2065396939908,-2.78691582527151,0.00830171613510628,0.0443054155231875,-2.69457932730059
"RPL18A.1",2.98463659215582,10.9349339197217,2.78461059329975,0.00835060569545271,0.0445187205345182,-2.6997429158382
"ATP5H.4",3.35475159558174,11.8329128950249,2.7836630164606,0.00837077956115252,0.0445361953646184,-2.70186464266818
"TWF1A.1",2.03474797926814,10.3239342240236,2.78361825186639,0.0083717337178381,0.0445361953646184,-2.70196486401513
"NDUFS7.1",2.57156693534806,10.574394823656,2.78250613140683,0.00839547105456327,0.044542705028913,-2.7044544076387
"NAA40",-2.03937566551224,9.85275162422849,-2.78216162472011,0.00840283697054528,0.044542705028913,-2.70522547606887
"NARS.1",2.69403000242224,10.2746566248181,2.78207338093571,0.00840472468251648,0.044542705028913,-2.70542297184054
"METTL10.2",2.87845172374108,10.6815552552591,2.78150921816997,0.00841680258402583,0.044542705028913,-2.70668551299032
"cse1l",-2.457084179015,10.1906056795827,-2.78107561642293,0.00842609633475022,0.044542705028913,-2.7076557600702
"PDLIM5B",-2.2194023420514,10.8775983027968,-2.7807745778727,0.0084325543599642,0.044542705028913,-2.70832932079515
"FDPS.3",-2.28667187920453,10.484510531979,-2.78064003465481,0.00843544213473402,0.044542705028913,-2.70863034034387
"rps27.1",3.48453656758295,11.5120725634449,2.77960319878021,0.00845772718697853,0.0445764299904842,-2.71094978700567
"TRIP11.1",3.23614966312909,10.8688304673597,2.7792044260841,0.00846631270883837,0.0445764299904842,-2.71184171140803
"GSTT1A.2",2.79744871512629,11.102290326738,2.77909693410859,0.00846862838296174,0.0445764299904842,-2.71208212187223
"PPA2.2",2.04288885213706,10.5491759909919,2.77809467216333,0.00849024824341106,0.0446431388141424,-2.71432343774555
"PTBP1A",-2.77469383795272,11.5650502621886,-2.77573290207703,0.00854139729143978,0.0448648131413521,-2.71960291690947
"CABZ01043370.1.1",2.50531024540608,10.6365953869965,2.77376141986124,0.0085843131029712,0.0450428205928773,-2.72400774717852
"A0A8C6MAI7",3.06143473521399,11.1948661486483,2.77287931590981,0.00860357984799965,0.0450964952116789,-2.72597795894074
"LARP1B.1",-2.43444679353773,12.0539256793155,-2.77227575034625,0.00861678596727171,0.0451183231654626,-2.72732581337829
"pex19",-2.20819354485536,10.4328523391245,-2.7716728806108,0.00862999567177254,0.0451401241112631,-2.72867192605448
"ATP2A2B.2",1.9508691138543,10.6805468847109,2.76858468444539,0.00869795798676854,0.0454479689570419,-2.73556443287506
"G4P62_017451",-2.60948348823135,11.3164746541037,-2.76718899152273,0.00872883610001441,0.045561602655933,-2.73867784377992
"LOC107379693",3.03465687898558,11.431325967064,2.76613644113073,0.0087521899273369,0.0455914616978407,-2.74102512995509
"TMOD2",-2.26937897542124,11.1769870813906,-2.76583219615009,0.00875895127857803,0.0455914616978407,-2.74170351789971
"VARS",2.37967999141228,10.750795104887,2.76569659821718,0.00876196628621828,0.0455914616978407,-2.74200585091337
"BRD3A",-1.90670602601663,9.86974027694567,-2.76445628097133,0.0087895894176153,0.0456875533269795,-2.7447708553282
"MRPL24.1",1.9100858592142,10.6644242944259,2.76279671120464,0.00882667631289806,0.0457632596611558,-2.74846923988533
"CYC1.1",3.15152832050324,11.5500257128221,2.76270229672103,0.00882879058616371,0.0457632596611558,-2.74867960150361
"DDX17",-2.0582464095178,9.8473574459014,-2.76195152657813,0.00884561973229314,0.0457632596611558,-2.75035220162162
"AGXTA.1",2.96525311477132,11.6869000835403,2.76188380214915,0.00884713929711567,0.0457632596611558,-2.7505030668211
"utrn",-2.58759190324036,10.3143117375884,-2.76157334314089,0.00885410831636457,0.0457632596611558,-2.75119462519872
"CABZ01073334.1.3",1.88369882772265,10.5116298713193,2.76134754454445,0.00885918012678888,0.0457632596611558,-2.75169756809343
"BX005008.1.1",-2.21281533305247,10.4160496739827,-2.76033217405509,0.00888202040471221,0.0458337971246266,-2.75395887304814
"IDO1",3.10137747809471,12.3184753231827,2.75948617016849,0.00890109262626169,0.0458464594692264,-2.75584257706853
"LOC107383989",-2.73816817172516,11.2539375465527,-2.75904845209345,0.008910975423087,0.0458464594692264,-2.75681704987224
"NDUFA12",2.22361788726971,11.0118402685924,2.75900145134984,0.00891203721145283,0.0458464594692264,-2.75692167967253
"LMNB1.1",-2.45132376264372,10.2540176327407,-2.75834228672115,0.00892694071046718,0.0458758333112577,-2.75838894532393
"PPM1BB.1",-2.27547719866268,10.2342646240789,-2.75665609841297,0.00896517030079816,0.0460220183867094,-2.76214128310838
"HADHAB.3",2.56777332594383,12.1846899613031,2.75627496643305,0.00897383244293954,0.0460220183867094,-2.76298922536126
"G4P62_010930",2.76455198323841,11.8822295091492,2.75541809849376,0.00899333522041518,0.0460277627364859,-2.76489530867601
"PPP1R21",-1.97115075426139,9.98028567130239,-2.75529472336448,0.00899614654476692,0.0460277627364859,-2.76516972237406
"CCT8.2",-2.64194789455636,10.6985922001746,-2.75501057263917,0.00900262453523251,0.0460277627364859,-2.76580170656786
"HMGN3",1.85876830571336,11.4383939719973,2.75055807437728,0.00910469877787365,0.0465019927344826,-2.77569908434141
"TRAPPC8",-2.06329599829139,9.63670593928985,-2.74763139077642,0.00917237764947891,0.0467877547598373,-2.78219912250638
"Nfu_g_1_009929.1",2.25623255503278,15.9730931489991,2.74732881637552,0.00917940118434483,0.0467877547598373,-2.78287087201932
"LRP1.3",-2.26489813421164,10.1075932196754,-2.74604079629366,0.00920935535728274,0.046884860584121,-2.78572988734407
"GAPDHS.2",-2.04663374452315,10.3154402317476,-2.74570222825046,0.0092172441348743,0.046884860584121,-2.78648126210423
"GIGFY2",-1.96054790496853,9.76069307556391,-2.74494439710911,0.00923492465587012,0.0469073264115958,-2.78816287864009
"EPHX1L.2",2.39067332539597,11.1593763529127,2.74435423714213,0.00924871513289231,0.0469073264115958,-2.7894722271109
"A0A8C6MB65",2.28528201825231,10.7407449266836,2.74430521282106,0.0092498615609239,0.0469073264115958,-2.78958098589596
"MEGF8",2.50260318510957,10.0725445333159,2.74369545930179,0.00926413160161158,0.0469319966416668,-2.79093359816624
"G4P62_019174.1",2.38929349311518,10.3452994829218,2.74220050413961,0.00929920448090753,0.0470618969165604,-2.79424902376863
"NDUFB11.1",2.29332870452339,10.4511098650001,2.74122117598222,0.00932224708152351,0.0470958122233232,-2.79642028678286
"G4P62_019174.2",-2.91309874106561,10.7671056360474,-2.74111357466706,0.00932478205944757,0.0470958122233232,-2.79665881841571
"CPNE1.3",2.71570757341945,11.5246850133837,2.74047991351884,0.0093397234530304,0.0471235794040664,-2.79806340145134
"tpm4a",3.12044201026568,11.4935375957817,2.73908415086834,0.00937271318417863,0.0472241088337164,-2.80115652773985
"RPS6.2",3.29158359625407,12.2870925703335,2.73820856716484,0.0093934633060285,0.0472241088337164,-2.80309637251426
"PPP6R2A",2.04995980325118,10.4598944927613,2.73810544330436,0.00939591000218938,0.0472241088337164,-2.80332481565828
"LSM1",-2.67820579487678,10.555223953357,-2.73803831382957,0.00939750302041692,0.0472241088337164,-2.80347351993392
"CLPP",-2.10177674228383,10.560130563168,-2.73674807737393,0.00942816974999997,0.0473305503546276,-2.80633117401383
"GMFB",1.86324564890306,11.9724316264234,2.73552180392708,0.00945740220887047,0.0474295849469986,-2.8090463505649
"CHDH",2.73247151691865,11.0720531546885,2.7332614985348,0.00951150480047628,0.0476530210385307,-2.81404897753795
"LOC107394134.2",3.6757232630728,12.6295485368345,2.73161418006852,0.00955111564235381,0.0478034774878089,-2.81769321661847
"EHHADH.2",2.72407432335765,11.3142810015827,2.72688978935579,0.00966556674494076,0.0483256470826252,-2.82813670450653
"Nfu_g_1_020032.2",2.5682610151355,10.9341673504924,2.72651034646301,0.0096748139149384,0.0483256470826252,-2.82897497034424
"LRP1.1",2.10967541569487,10.7780573128424,2.7255643812883,0.00969790317506189,0.0483925368435588,-2.83106446727488
"PDP2",1.82197370601914,9.63436817267998,2.71998399191703,0.00983515283530426,0.0490283842639043,-2.84338110081573
"MRPL40",-2.17985282149004,11.7417341042971,-2.71943226591919,0.00984881987391756,0.0490475161385715,-2.84459793608733
"G4P62_014376",-2.25705177356728,10.6762274149592,-2.71876007540927,0.00986549477225333,0.0490815741909712,-2.84608023885236
"ARHGEF1B",1.83654078135894,10.7818822586716,2.71685982729997,0.00991277546914481,0.0492140359797466,-2.85026933822961
"CSNK2A1",-2.68084686525271,10.3354082112949,-2.71650521304068,0.00992162195482968,0.0492140359797466,-2.85105087396442
"Nfu_g_1_010036",1.95521940144904,10.6155130852275,2.71643889698671,0.00992327713881032,0.0492140359797466,-2.85119702077332
"PUF60.3",1.88202749943691,10.7833096763228,2.71610679272541,0.00993156998629355,0.0492140359797466,-2.85192887451309
"SRPRB",-1.81211998379274,9.86224193934058,-2.71439865450408,0.00997432477910888,0.0493768657219775,-2.85569215190762
"GSTT1B.2",2.72073763633208,11.6376527842374,2.71144286732588,0.0100487113150522,0.0496958071973346,-2.86220052367006
"ALDH5A1",-1.98112142598262,10.528800348743,-2.70898420831255,0.0101109780349263,0.0499542380141409,-2.86761072857673
